id,category,title,content,tags,source,severity,created_at
oom-2026-001,heap_analysis,Old Generation OOM (G1GC),"JDK 11+ G1GC 환경에서 java.lang.OutOfMemoryError: Java heap space가 Old Generation 가득참으로 발생할 때 점검 순서. (1) GC 로그(-Xlog:gc*)에서 mixed GC 빈도와 회수 효율 확인 — Mixed GC가 거의 안 돌면 -XX:MaxGCPauseMillis가 너무 낮아 G1이 회수 시간 부족. 200ms 이상으로 완화. (2) Humongous Object 체크: 객체 크기가 G1 region(기본 1MB~32MB) 50% 초과 시 Humongous로 분류되어 Old에 직접 할당. -Xlog:gc+humongous로 비율 확인. region 크기를 -XX:G1HeapRegionSize=32m으로 키워 회피 가능. (3) MAT Leak Suspects 리포트의 retained heap 상위 3개를 우선 의심. (4) -XX:InitiatingHeapOccupancyPercent(IHOP, 기본 45%)를 30%로 낮춰 concurrent cycle을 더 일찍 시작. (5) 그래도 해결 안 되면 진짜 메모리 부족이거나 누수 — heap dump 떠서 분석.",OOM,G1GC,JDK11,OldGen,Heap,https://docs.oracle.com/en/java/javase/11/gctuning/garbage-first-g1-garbage-collector1.html,high,2026-04-25
oom-2026-002,heap_analysis,Old Generation OOM (CMS / Parallel),"CMS GC 또는 ParallelGC 환경에서 OOM 점검. CMS의 경우 ConcurrentMode Failure 로그가 OOM 직전에 자주 나타남 — Old 회수 중 Eden에서 promotion 들어와 회수 못 따라가는 상태. -XX:CMSInitiatingOccupancyFraction을 70%에서 60%로 낮춰 회수 시작을 앞당기거나, 단편화로 인한 promotion failure면 -XX:UseCMSCompactAtFullCollection 활성. ParallelGC는 Old가 가득차면 Full GC가 stop-the-world로 길어지고, 회수 효율이 30% 미만이면 곧 OOM. -XX:GCTimeRatio와 -XX:MaxGCPauseMillis로 throughput vs pause 균형 조정. JDK 17+에서 CMS는 제거되었으므로 G1 또는 ZGC 마이그레이션 권장. heap dump를 jcmd 또는 -XX:+HeapDumpOnOutOfMemoryError로 자동 캡처해 두면 사후분석 용이.",OOM,CMS,ParallelGC,OldGen,FullGC,https://wiki.internal/gc-tuning,high,2026-04-25
oom-2026-003,heap_analysis,Metaspace OOM,"java.lang.OutOfMemoryError: Metaspace는 클래스 메타데이터 영역 부족. JDK 8+에서 PermGen이 Metaspace로 대체되며 기본 크기 무제한이지만 -XX:MaxMetaspaceSize로 제한된 상태에서 발생. 주요 원인: (1) ClassLoader 누수 — 웹앱 재배포 시 이전 클래스로더가 GC되지 않고 누적. (2) 동적 클래스 생성 — CGLIB, Javassist, Groovy 등이 무한 생성. (3) 너무 작은 MaxMetaspaceSize 설정. 진단: jcmd VM.metaspace 또는 jstat -gc PID로 MC/MU 컬럼 관찰. MAT에서 ClassLoader Explorer로 동일 이름 ClassLoader 다중 인스턴스 확인. 해결: 누수 원인 제거 + 적정 -XX:MaxMetaspaceSize=512m 명시 설정. -XX:MetaspaceSize는 첫 GC 임계치라 너무 작으면 초반 잦은 Full GC.",OOM,Metaspace,ClassLoader,JDK8+,https://docs.oracle.com/en/java/javase/11/troubleshoot/troubleshoot-memory-leaks.html,high,2026-04-25
oom-2026-004,heap_analysis,Direct ByteBuffer / off-heap OOM,"java.lang.OutOfMemoryError: Direct buffer memory는 Heap 외부 native 메모리(NIO Direct Buffer) 부족. Heap dump에는 직접 안 나타나서 진단이 까다로움. 주요 발생처: Netty, gRPC, Kafka 클라이언트, NIO 기반 라이브러리. 한도 기본값: -XX:MaxDirectMemorySize, 미지정 시 -Xmx와 동일. 진단: (1) -Dio.netty.leakDetection.level=PARANOID로 누수 추적(개발 환경). (2) jcmd PID VM.native_memory(NMT 활성 시 -XX:NativeMemoryTracking=detail 필요). (3) MAT에서 java.nio.DirectByteBuffer 인스턴스 retained heap 확인 — Cleaner 등록 여부도 체크. 해결: DirectBuffer를 try-with-resources 패턴 또는 명시적 ((DirectBuffer)buf).cleaner().clean()으로 즉시 회수. 라이브러리 버전 업그레이드(Netty 4.1.65+에서 누수 다수 수정).",OOM,DirectBuffer,Netty,NIO,offheap,https://netty.io/wiki/reference-counted-objects.html,high,2026-04-26
leak-2026-001,heap_analysis,캐시 무한 누적 누수 패턴,"가장 흔한 메모리 누수 1순위는 캐시 TTL/사이즈 미설정. ConcurrentHashMap을 캐시로 쓰는데 expire/maxSize가 없으면 사실상 메모리 누수와 동일. MAT Leak Suspects에서 java.util.concurrent.ConcurrentHashMap이 retained heap 상위면 의심. 검증: Histogram에서 HashMap$Node[] 또는 ConcurrentHashMap$Node[]의 인스턴스 수와 retained size 확인. Path To GC Roots로 누가 참조하는지 추적 — 보통 static field 또는 Singleton 빈. 해결: Caffeine, Guava Cache로 교체하고 maximumSize() + expireAfterWrite() 명시. Spring @Cacheable 사용 시 cacheManager에 expiration 설정 필수. 모니터링: Micrometer cache.size 메트릭 노출.",Leak,Cache,ConcurrentHashMap,Caffeine,https://github.com/ben-manes/caffeine/wiki/Eviction,high,2026-04-26
leak-2026-002,heap_analysis,ThreadLocal 누수 패턴,"ThreadLocal에 큰 객체를 저장하고 remove()를 호출하지 않으면 스레드가 풀에 살아있는 동안 객체가 retain됨. Tomcat ThreadPool은 스레드를 재사용하므로 누수 누적. 증상: Heap 사용량이 요청 처리 후에도 줄어들지 않고 점진 증가. MAT 진단: Histogram에서 java.lang.Thread 인스턴스 수가 ThreadPool 크기와 일치하는데 retained heap이 비정상적으로 큰지 확인. Path To GC Roots에서 thread.threadLocals(ThreadLocal.ThreadLocalMap) 경로 확인. 흔한 원인: SecurityContextHolder, RequestContextHolder, 자체 ThreadLocal<UserContext> 등을 set만 하고 try-finally로 remove() 안 함. 해결: 반드시 try { tl.set(x); ... } finally { tl.remove(); } 패턴. Servlet Filter에서 cleanup 보장. ThreadLocal 대신 InheritableThreadLocal 쓰면 자식 스레드까지 누수 전파 위험.",Leak,ThreadLocal,Tomcat,ThreadPool,https://wiki.internal/threadlocal-best-practice,high,2026-04-26
leak-2026-003,heap_analysis,Static Map 누수 패턴,"static 필드의 Map/List에 무제한 add만 하고 제거하지 않으면 영구 누수. GC 루트가 static 필드라 회수 자체가 불가능. 흔한 사례: 로그 누적용 static List, 사용자별 세션 정보 static Map, 통계 수집용 static counter Map. MAT Leak Suspects에서 GC 루트 타입이 'System Class' 또는 'Java Frame'으로 나오면 static 의심. Class Loader Explorer에서 의심 ClassLoader → loaded classes → static fields 직접 확인. 해결: WeakHashMap 또는 ConcurrentReferenceHashMap(Spring) 사용 — 키가 GC되면 엔트리 자동 제거. 영속화가 필요하면 외부 저장소(DB/Redis)로 분리. 디버깅 팁: jcmd PID GC.class_histogram | head -20으로 빈 클래스가 비정상 인스턴스 수면 static 자료구조 의심.",Leak,Static,WeakHashMap,GCRoot,https://docs.oracle.com/javase/8/docs/api/java/util/WeakHashMap.html,medium,2026-04-26
java-spring-001,java_spring,Spring Session JDBC 만료 정책,"Spring Session JDBC는 SPRING_SESSION 테이블의 EXPIRY_TIME 컬럼으로 만료를 관리한다. application.properties의 server.servlet.session.timeout이 만료 기준이며, spring.session.jdbc.cleanup-cron으로 정리 cron 주기를 제어한다. 기본 60분 유지·10분 정리 조합이면 일반 웹앱 적정. 만료 후에도 행이 즉시 사라지지 않고 cleanup cron에서 일괄 DELETE하므로 cleanup 주기를 너무 짧게 잡으면 DB 부하 증가. 멀티 인스턴스 환경에서는 cleanup이 동시에 안 돌도록 한 인스턴스만 spring.session.jdbc.cleanup-cron 활성화하거나 cron 시간을 분산. 세션 데이터는 SPRING_SESSION_ATTRIBUTES에 직렬화 저장되므로 세션에 큰 객체(MB 단위) 넣지 말 것.",Spring,Session,JDBC,SpringBoot,https://docs.spring.io/spring-session/reference/api.html,info,2026-04-27
java-spring-002,java_spring,Spring Boot Actuator heapdump endpoint,"Spring Boot Actuator의 /actuator/heapdump는 운영 중 GC 거치지 않은 heap dump를 즉시 캡처. 활성화: management.endpoints.web.exposure.include에 heapdump 추가 + management.endpoint.heapdump.enabled=true. 보안: 운영 환경에서는 반드시 인증·인가 적용 — Spring Security로 ROLE_ADMIN 제한 또는 management.server.port를 별도 내부 포트로 분리해 외부 노출 차단. 응답: GZIP 압축된 .hprof.gz 다운로드. 주의: heap dump 캡처 동안 stop-the-world 발생 → 운영 중 호출 시 수십 초 정지 가능. 큰 heap(>10GB)에서는 OS 디스크 IO 한계로 dump 자체가 실패할 수 있어 사전에 디스크 여유 + iotop 확인. 대안: jcmd PID GC.heap_dump /path/file.hprof는 외부 호출 없이 동일 결과.",SpringBoot,Actuator,heapdump,운영,https://docs.spring.io/spring-boot/docs/current/actuator-api/htmlsingle/#heapdump,medium,2026-04-27
java-spring-003,java_spring,RestTemplate / WebClient connection pool 튜닝,"RestTemplate 기본 SimpleClientHttpRequestFactory는 connection pool이 없어 매 호출마다 TCP 핸드셰이크 발생 — TIME_WAIT 누적과 latency 증가. 운영용으로는 HttpComponentsClientHttpRequestFactory + PoolingHttpClientConnectionManager 권장. 핵심 설정: maxTotal(전체 풀 크기, 기본 20→100~200), defaultMaxPerRoute(라우트당, 기본 2→20~50), connectTimeout(3초), socketTimeout(10초), connectionRequestTimeout(풀 대기, 1초). socketTimeout 무한정이면 외부 서버 응답 지연 시 모든 워커 스레드가 묶이며 OOM 또는 행걸림. 모니터링: HttpClientBuilder의 ConnectionPoolControl로 leased/available 메트릭 노출. WebClient(Reactor Netty)는 ConnectionProvider로 pool 설정 — maxConnections(default 500) / pendingAcquireTimeout 명시.",Spring,RestTemplate,WebClient,ConnectionPool,Timeout,https://hc.apache.org/httpcomponents-client-5.2.x/quickstart.html,high,2026-04-27
java-spring-004,java_spring,Hibernate N+1 회피 패턴,"Hibernate N+1 문제는 부모 엔티티 N개 조회 후 각 자식 lazy 컬렉션 접근 시 추가 N개 쿼리 실행. 운영에서 흔한 OOM 원인 중 하나 — 쿼리 수가 폭증하면 ResultSet/Connection 누적. 해결 옵션: (1) JPQL fetch join: 'SELECT p FROM Parent p JOIN FETCH p.children' — 단 페이징(setMaxResults)과 같이 쓰면 메모리에서 잘라내므로 주의. (2) @EntityGraph로 동적 fetch 지정. (3) Hibernate @BatchSize(size=20)로 IN절 일괄 조회. (4) 진짜 페이징 필요 시 부모만 페이징하고 자식은 두 번째 쿼리로 일괄 IN. 진단: spring.jpa.show-sql=true 또는 P6Spy로 쿼리 카운트 확인. 정상 1쿼리가 N+1로 나오면 즉시 fetch 전략 검토. JPA Buddy나 IntelliJ Hibernate plugin이 N+1 자동 경고.",Spring,Hibernate,JPA,N+1,fetch,https://vladmihalcea.com/n-plus-1-query-problem/,medium,2026-04-27
java-jvm-001,java_spring,JVM 메모리 영역 개관,"JVM 메모리는 크게 Heap / Non-Heap / Native로 구분. Heap = Young(Eden+Survivor) + Old. 객체는 Eden에서 시작 → Minor GC 살아남으면 Survivor → 일정 age 이상 Old로 promotion. Non-Heap = Metaspace(클래스 메타데이터) + Code Cache(JIT 컴파일 코드) + Compressed Class Space. Native = Direct ByteBuffer, JNI, Thread stack 등. -Xmx는 Heap 최대치만 제어 — JVM 전체 RSS는 -Xmx + Metaspace + DirectMemory + ThreadStack(스레드당 1MB×개수) + JIT cache 합산. 컨테이너 환경에서 -Xmx만 설정하고 메모리 limit 같으면 OOM Killer 위험. 권장: -XX:MaxRAMPercentage=75 (컨테이너 메모리의 75%만 heap에 할당), 나머지 25%를 native에 양보. JDK 11+는 컨테이너 인식이 기본 활성.",JVM,Heap,Metaspace,Container,RSS,https://docs.oracle.com/en/java/javase/17/docs/specs/man/java.html,info,2026-04-27
java-jvm-002,java_spring,웹앱 ClassLoader 누수,"Tomcat hot deploy 또는 Spring DevTools 사용 시 이전 ClassLoader가 GC되지 않고 누적되는 현상. 원인: (1) ThreadLocal에 application class 저장 후 미정리 — Tomcat ThreadPool 스레드가 ThreadLocal 보유. (2) 외부 라이브러리(JDBC Driver, Logger)에 application class 등록 후 미해제 — DriverManager.deregisterDriver, LogManager reset 누락. (3) 정적 캐시에 Class<?> 저장. 진단: jmap -histo PID | grep -i loader 또는 MAT Class Loader Explorer로 동일 이름 ClassLoader 인스턴스 수 확인. 정상은 1~2개, 누수 시 5개 이상. Tomcat은 ServletContextListener.contextDestroyed에서 Driver 해제, ThreadLocal 정리, 자체 ScheduledExecutor shutdown 필수. Spring Boot 내장 Tomcat은 SpringBootServletInitializer 라이프사이클이 정리.",ClassLoader,Tomcat,JDBC,ThreadLocal,Leak,https://wiki.apache.org/tomcat/MemoryLeakProtection,high,2026-04-27
java-jvm-003,java_spring,Thread Dump 상태 해석,"jstack PID 또는 jcmd PID Thread.print로 캡처한 Thread Dump의 스레드 상태 의미. RUNNABLE = 실행 중 또는 OS 큐에서 CPU 대기. BLOCKED = synchronized 진입 대기(다른 스레드가 monitor 점유). WAITING = Object.wait, Thread.join, LockSupport.park 등 무한 대기. TIMED_WAITING = sleep, wait(timeout), parkNanos. 진단 패턴: (1) BLOCKED 다수 + 동일 monitor 주소 → lock contention. (2) WAITING 다수 + Pool 스레드 이름 → 작업 큐 대기로 정상 idle. (3) RUNNABLE 다수 + 동일 메소드 → CPU bound 또는 무한 루프. (4) BLOCKED + java.io.PrintStream.println → System.out 동기화 contention(로깅 전환 검토). 도구: fastthread.io, IBM Thread Analyzer로 시각화. Spring Boot Actuator의 /actuator/threaddump는 JSON으로 실시간 조회.",ThreadDump,jstack,BLOCKED,WAITING,Lock,https://fastthread.io/,info,2026-04-28
java-jvm-004,java_spring,JMX 활성화 옵션,"운영 중 JVM에 원격 JMX 모니터링(VisualVM, jconsole, Mission Control) 연결을 위한 JVM 옵션. -Dcom.sun.management.jmxremote -Dcom.sun.management.jmxremote.port=9010 -Dcom.sun.management.jmxremote.rmi.port=9010 -Dcom.sun.management.jmxremote.local.only=false -Dcom.sun.management.jmxremote.authenticate=true -Dcom.sun.management.jmxremote.ssl=true -Djava.rmi.server.hostname=<공인IP>. 보안 주의: 운영 환경에서 authenticate=false + ssl=false는 절대 금지 — JMX는 RCE 취약점이 다수 보고됨. 인증 파일: jmxremote.password(권한 0600), jmxremote.access. 컨테이너/NAT 환경: java.rmi.server.hostname을 외부 접근 가능 IP로 명시 안 하면 RMI stub이 잘못된 주소 반환해 연결 실패. 대안: Spring Boot Actuator + Micrometer + Prometheus가 운영 표준 권장.",JMX,VisualVM,JConsole,운영,Security,https://docs.oracle.com/en/java/javase/17/management/monitoring-and-management-using-jmx-technology.html,medium,2026-04-28
mat-tip-001,mat_tip,MAT Leak Suspects 해석 우선순위,"Eclipse MAT Leak Suspects 리포트는 retained heap 기준 상위 의심 객체를 자동 추출. 실무 판독 순서: (1) Suspect별 Shallow vs Retained 비율 — Retained가 압도적으로 크면 단일 GC 루트에 묶인 케이스로 누수 가능성 큼. (2) Accumulated Objects by Class — 동일 클래스가 비정상적으로 많으면 캐시·풀 누수 의심. (3) Path To GC Roots(exclude weak/soft references)로 강참조 경로만 추적해 진짜 누수 식별. 자동 분석 결과를 그대로 믿지 말고 cross-check: Histogram에서 의심 클래스의 정상 인스턴스 수와 비교. Top Components 리포트는 OS Native 또는 ClassLoader 단위 그룹화라 framework 누수(Spring, Hibernate) 식별에 유용. 프로젝트 화면 /analyze/{filename}의 Suspects 탭이 동일 데이터.",MAT,LeakSuspect,Heap,RetainedHeap,https://help.eclipse.org/latest/topic/org.eclipse.mat.ui.help/concepts/leaksuspects.html,info,2026-04-28
mat-oql-001,mat_tip,MAT OQL 기본 문법,"MAT의 OQL(Object Query Language)은 SQL 유사 문법으로 heap dump 객체를 질의. 기본 문법: SELECT <필드> FROM <클래스> [WHERE <조건>]. 예시 쿼리. 모든 String 인스턴스 길이 합계: SELECT sum(s.value.@length) FROM java.lang.String s. 큰 byte 배열 상위 20: SELECT * FROM byte[] s WHERE s.@length > 1000000. 특정 클래스 retained heap 상위: SELECT toString(o), o.@retainedHeapSize FROM com.example.MyClass o ORDER BY o.@retainedHeapSize DESC. 인스턴스 카운트: SELECT classof(o).@name, count(*) FROM java.util.HashMap o GROUP BY classof(o). @ 접두사는 MAT 내부 메타필드(@id, @retainedHeapSize, @objectAddress, @clazz). 와일드카드 클래스 검색: FROM com.example.* o. 결과를 트리로 보려면 SELECT objects 사용.",MAT,OQL,Query,Heap,https://help.eclipse.org/latest/topic/org.eclipse.mat.ui.help/reference/oqlsyntax.html,info,2026-04-28
mat-tip-002,mat_tip,Path To GC Roots 사용법,"Path To GC Roots는 객체가 GC되지 않는 이유(누가 강참조하는지)를 추적하는 핵심 기능. 사용 절차: 의심 객체 우클릭 → Path To GC Roots → with all references / exclude weak references / exclude soft references / exclude weak+soft+phantom 네 옵션. 누수 분석에는 'exclude weak/soft/phantom' 권장 — WeakHashMap이나 SoftReference는 GC 가능하므로 진짜 강참조만 보면 원인이 명확. 결과 트리: 객체 → 참조하는 객체 → ... → GC Root. GC Root 타입: System Class(static field), Thread(local var), JNI(native), Busy Monitor(synchronized 보유). 트리 깊이가 깊고 중간에 Map$Entry, ArrayList 등 컬렉션이 있으면 컬렉션 누수 패턴. 같은 GC Root에 묶인 객체 그룹은 Merge Shortest Paths로 공통 경로만 추출 가능.",MAT,GCRoot,StrongReference,Leak,Path,https://help.eclipse.org/latest/topic/org.eclipse.mat.ui.help/tasks/findingstrongrefstoobject.html,info,2026-04-28
mat-tip-003,mat_tip,Dominator Tree 의미,"Dominator Tree는 각 객체가 GC되면 함께 GC될 객체들을 부모-자식 관계로 표현. 그래프 이론의 dominator 개념: 객체 A가 객체 B의 dominator면 B로 가는 모든 경로가 A를 지남 → A가 GC되면 B도 GC됨. 실무 의미: 부모 객체의 retained heap = 자기 + 자기가 dominate하는 모든 자식. 큰 retained heap을 가진 객체를 찾으면 그것 하나만 회수해도 큰 메모리 절약. 사용법: Open Heap Dump → Dominator Tree 클릭 → retained heap 내림차순 정렬. Group by Class / Group by Class Loader / Group by Package로 집계 단위 변경. Top consumers 차트는 Dominator Tree의 시각화. 일반적으로 상위 5~10개 객체가 전체 heap의 50% 이상 차지 — 이들이 누수 후보 0순위.",MAT,DominatorTree,RetainedHeap,분석,https://help.eclipse.org/latest/topic/org.eclipse.mat.ui.help/concepts/dominatortree.html,info,2026-04-29
mat-tip-004,mat_tip,Histogram vs Class Loader Explorer,"Histogram은 클래스별 인스턴스 수와 메모리 사용량 표 — '어떤 클래스가 많이 쌓였나' 파악에 적합. 컬럼: Class Name / Objects / Shallow Heap / Retained Heap. 정렬을 Objects로 두면 인스턴스 폭증한 클래스(누수 후보) 식별. Class Loader Explorer는 ClassLoader별로 어떤 클래스를 로드했는지 트리 — '같은 클래스가 다른 ClassLoader로 중복 로드되었는지'(=ClassLoader 누수) 식별에 적합. Tomcat hot reload 누수 진단 시 첫 번째로 보는 화면. 동일 ClassLoader가 여러 인스턴스 있으면 정상이 아님. 두 화면 비교법: Histogram에서 자기 패키지 클래스 인스턴스 수가 ClassLoader 인스턴스 수의 배수면 누적 의심. ClassLoader Explorer에서 의심 ClassLoader 우클릭 → List Objects with incoming references로 누가 참조하는지 추적.",MAT,Histogram,ClassLoaderExplorer,Tomcat,https://help.eclipse.org/latest/topic/org.eclipse.mat.ui.help/reference/inspections/histogram.html,info,2026-04-29
ts-2026-001,troubleshooting,결제 PG 응답 지연 → OOM 가상 사례,"(예시 — 실제 사례로 교체 필요) 가정 시나리오: 결제 모듈 P1 장애. 14:20부터 GC 빈도 급증, 14:35 OOM. 원인 분석 절차: (1) 장애 직전 5분 GC 로그 확인 → Old Gen 회수율 30% 미만. (2) 자동 캡처된 heap dump를 MAT으로 열어 Leak Suspects 확인 → org.apache.http.impl.client.PoolingHttpClientConnectionManager가 retained heap 1위. (3) Path To GC Roots → RestTemplate connection pool에 미해제 응답 객체가 누적. (4) 응답 본문이 byte[] 8MB짜리 PG 거래내역 PDF였음. 해결: HttpClient connectTimeout 3초/socketTimeout 10초 명시 추가, 응답 본문 크기 제한(StreamingHttpEntity로 스트리밍 처리), Micrometer로 pool 점유 모니터링. 재발 방지: 외부 API 연동 모든 모듈에 timeout 표준 + circuit breaker(Resilience4j) 도입. 운영 사례 작성자가 본인 사내 인시던트로 교체 권장.",incident,OOM,RestTemplate,PG,Timeout,(예시 — 실제 사례로 교체 필요),critical,2026-04-29
ts-2026-002,troubleshooting,배치 ThreadPool 누수 가상 사례,"(예시 — 실제 사례로 교체 필요) 가정 시나리오: 매일 새벽 02시 배치 후 메모리 회복 안 됨, 7일 누적되어 OOM. 원인 분석: (1) 배치 종료 시점 heap dump → java.lang.Thread 인스턴스가 정상의 7배. (2) Histogram에서 ScheduledThreadPoolExecutor가 7개 — 매일 새 인스턴스 생성 후 shutdown 안 됨. (3) 코드 리뷰 결과 BatchService가 @PostConstruct에서 Executors.newScheduledThreadPool(10) 호출하나 @PreDestroy에서 shutdown() 누락 + 매번 새 ApplicationContext 생성하는 잘못된 통합 테스트 패턴이 운영에 섞임. 해결: shutdownNow() + awaitTermination 추가, Spring TaskScheduler 빈으로 전환(라이프사이클 자동 관리), @PostConstruct/@PreDestroy 짝 점검. 재발 방지: ApplicationContext 생성 모니터링 메트릭 + ExecutorService를 직접 new하지 않는 코드 컨벤션.",incident,ThreadPool,Executor,Batch,Leak,(예시 — 실제 사례로 교체 필요),high,2026-04-29
ts-2026-003,troubleshooting,Thymeleaf 템플릿 캐시 OOM 가상 사례,"(예시 — 실제 사례로 교체 필요) 가정 시나리오: 운영 환경에서 메모리가 점진 증가, 일주일 후 OOM. 원인 분석: (1) MAT Dominator Tree → org.thymeleaf.cache.StandardCache가 retained heap 상위. (2) 캐시 키가 사용자 ID + 템플릿명 조합으로 만들어져 사용자 수만큼 무한 증가. (3) 코드 추적 결과 커스텀 IDialect 구현체가 사용자별 캐시 키를 잘못 생성. 해결: spring.thymeleaf.cache=true(기본값) 유지하되 캐시 크기 제한(thymeleaf TemplateEngine의 cacheManager에 maxSize 명시), 커스텀 다이얼렉트의 캐시 키에서 사용자 식별자 제거(템플릿 자체는 사용자 무관). 재발 방지: 모든 캐시는 필수로 maxSize 명시, Micrometer cache.size 임계 알람.",incident,Thymeleaf,Cache,OOM,(예시 — 실제 사례로 교체 필요),high,2026-04-29
ts-2026-004,troubleshooting,Tomcat JSP 컴파일 누적 가상 사례,"(예시 — 실제 사례로 교체 필요) 가정 시나리오: 사내 레거시 JSP 기반 시스템에서 운영 중 OOM 반복. 원인 분석: (1) MAT Class Loader Explorer → 동일 JSP 클래스가 수백 개 로드됨. (2) 사용자가 URL에 ?param=값 변형으로 접속할 때마다 Tomcat이 새 JSP 컴파일 트리거 — JspServlet의 development 모드 false인데도 invalid JSP path가 컴파일러를 자극. (3) Metaspace는 무제한 설정, 컴파일된 클래스가 누적되며 Heap의 ConstantPool 참조 증가. 해결: Tomcat web.xml의 JspServlet 매개변수 development=false + checkInterval=0 + modificationTestInterval=0 명시. JSP path 화이트리스트 필터로 임의 path 차단. 재발 방지: Metaspace 명시적 한도(-XX:MaxMetaspaceSize=512m) + 알람. 장기적으로 JSP→Thymeleaf 전환 검토.",incident,Tomcat,JSP,Metaspace,(예시 — 실제 사례로 교체 필요),medium,2026-04-29
oom-2026-005,heap_analysis,ZGC 환경 OOM 분석 (JDK 17+),"ZGC는 sub-millisecond pause를 목표로 하는 concurrent GC. JDK 15 production-ready, JDK 17 LTS에서 안정. OOM 진단 차이점: (1) ZGC는 region 기반이 아니라 colored pointer 사용 — Humongous 개념 없음, 큰 객체도 일반 할당. (2) -Xlog:gc로 Allocation Stall 로그 확인 — concurrent GC가 allocation rate 못 따라가면 mutator가 stall. Allocation Stall이 길거나 잦으면 -XX:ConcGCThreads 증가 또는 heap 확장. (3) Generational ZGC(JDK 21+, -XX:+ZGenerational)는 young/old 분리로 throughput 개선. (4) RSS 모니터링 주의: ZGC는 동일 heap을 3개 가상 매핑(virtual memory 3배)으로 보여 top/ps 출력이 -Xmx의 3배로 보일 수 있으나 실제 RSS는 1배. 해결: jcmd PID GC.heap_info로 정확한 사용량, Native Memory Tracking 병행.",OOM,ZGC,JDK17,Concurrent,AllocationStall,https://wiki.openjdk.org/display/zgc/Main,high,2026-04-30
oom-2026-006,heap_analysis,Stack Overflow vs Heap OOM 구분,"java.lang.StackOverflowError와 OutOfMemoryError는 다른 메모리 영역. StackOverflow = 스레드 스택 한계 초과(기본 1MB, -Xss로 조정). 주요 원인: 무한 재귀, 깊은 재귀(JSON 직렬화 순환참조), 과도한 메소드 체이닝. 진단: 스택 트레이스가 동일 메소드 반복 패턴이면 재귀 의심. -Xss를 2m으로 늘리는 임시 회피보다 재귀 종료 조건 수정이 정도. 한편 'unable to create new native thread'는 OutOfMemoryError 클래스이지만 heap이 아니라 OS 스레드 한계 또는 RSS 부족. ulimit -u로 max user processes 확인, /proc/sys/kernel/threads-max로 시스템 한도 확인. 컨테이너에서는 PID 한도(pids.max cgroup)도 점검. 해결: ThreadPool 도입으로 스레드 무한 생성 차단, ulimit 상향, 컨테이너 PIDs limit 조정.",StackOverflow,Recursion,NativeThread,Xss,ulimit,https://docs.oracle.com/en/java/javase/17/troubleshoot/troubleshooting-memory-leaks.html,medium,2026-04-30
oom-2026-007,heap_analysis,Compressed Oops 32GB 경계,"JVM Compressed Oops는 64bit JVM에서 객체 참조를 32bit로 압축해 메모리 절감(약 1.5배 효율). 한계: -Xmx 32GB 미만에서만 자동 활성. 31GB→33GB로 heap을 늘리면 압축 해제되어 오히려 사용 가능 메모리가 줄어드는 역설 발생. 검증: jmap -heap PID 출력의 'compressed oops: true/false' 확인. -XX:+PrintFlagsFinal | grep UseCompressedOops로 현재 상태. 권장: 32GB 미만 유지 또는 64GB+로 명확히 큰 heap. 31GB 권장(JVM 내부 reserved 영역 고려해 32GB 직전). -XX:ObjectAlignmentInBytes=16과 함께 -XX:+UseCompressedOops로 64GB까지 압축 사용 가능하나 alignment 손실로 실제 효율 저하. 큰 heap이 필요하면 ZGC 검토 — ZGC는 colored pointer 사용해 Compressed Oops 무관.",CompressedOops,32GB,JVM,Heap,Tuning,https://wiki.openjdk.org/display/HotSpot/CompressedOops,info,2026-04-30
leak-2026-004,heap_analysis,Spring ApplicationListener 누수 패턴,"Spring ApplicationContext는 등록된 ApplicationListener를 강참조 보유. 동적으로 prototype 빈에서 ApplicationContext.publishEvent를 받는 listener를 등록 후 제거하지 않으면 listener 인스턴스 + 참조하는 모든 객체가 ApplicationContext lifetime 동안 retain. MAT 진단: ConfigurableApplicationContext의 applicationListeners 컬렉션 retained heap 확인. 인스턴스 수가 정상 빈 갯수 대비 비정상적으로 많으면 누수. 흔한 패턴: 사용자 세션별 EventListener 동적 등록, AsyncEventListener 동적 추가, 테스트에서 ApplicationContext 재사용 안 하고 매번 새로 만들면서 listener 누적. 해결: addApplicationListener 사용 시 반드시 짝으로 제거 가능한 패턴 또는 SmartApplicationListener의 supportsEventType으로 필터. ApplicationEventMulticaster에 직접 addApplicationListenerBean을 쓰면 prototype 빈 누수 회피.",Leak,Spring,ApplicationListener,EventListener,https://docs.spring.io/spring-framework/reference/core/beans/context-introduction.html,medium,2026-04-30
leak-2026-005,heap_analysis,JDBC Connection 누수 패턴,"DataSource에서 Connection을 빌리고 close()를 호출하지 않으면 pool이 고갈되고 Connection 객체 자체도 메모리에 retain. HikariCP/Tomcat JDBC pool 모두 동일. 증상: HikariPool-1 - Connection is not available, request timed out 로그 + heap 증가. MAT 진단: com.zaxxer.hikari.pool.PoolEntry 인스턴스 수가 maximumPoolSize 근처에 고정 + Statement/ResultSet 인스턴스가 비정상 다수. 원인 패턴: (1) try-with-resources 미사용. (2) JdbcTemplate 외부에서 직접 getConnection 후 finally 누락. (3) 트랜잭션 전파(@Transactional REQUIRES_NEW) 중 예외로 connection 미반환. 해결: HikariCP leakDetectionThreshold=60000 활성으로 누수 스레드 스택 자동 로깅. JdbcTemplate/JPA 사용 강제 + 직접 Connection 획득 코드 리뷰 룰. 모니터링: hikaricp.connections.active vs hikaricp.connections.idle 메트릭.",Leak,JDBC,Connection,HikariCP,LeakDetection,https://github.com/brettwooldridge/HikariCP#configuration-knobs-baby,high,2026-04-30
gc-2026-001,heap_analysis,GC 로그 기본 해석,"JDK 9+ 통합 로깅(-Xlog:gc*) 기본 출력 형식. [0.123s][info][gc] GC(0) Pause Young (Normal) (G1 Evacuation Pause) 100M->20M(256M) 5.123ms. 의미: 시작 시각(0.123초), GC 카운터(0), GC 종류(Pause Young), 트리거(G1 Evacuation), 회수 전→후(전체) heap, 소요 시간. 핵심 패턴: (1) Young GC 빈도 — 1초당 1회 이하 정상, 너무 잦으면 Young 부족. (2) Mixed GC 필요 — Old 점유율이 IHOP 임계 도달 시. (3) Full GC 발생은 비상 — G1에서 Full GC는 회수 실패 또는 Humongous allocation 폭주 신호. 권장 옵션: -Xlog:gc*,gc+heap=debug,gc+age=trace:file=gc.log:tags,uptime,time:filecount=10,filesize=10M. 분석 도구: GCViewer, GCEasy, JITWatch.",GC,로그,YoungGC,MixedGC,FullGC,https://docs.oracle.com/en/java/javase/17/gctuning/garbage-collector-implementation.html,info,2026-04-30
gc-2026-002,heap_analysis,Promotion Failure 패턴,"Young GC 중 Survivor에서 Old로 promotion하려 했으나 Old에 공간 부족 시 발생. 로그: 'Promotion failed' 또는 'concurrent mode failure'. 결과: 즉시 Full GC stop-the-world, 보통 OOM 직전 신호. 원인: (1) Old 단편화 — CMS 환경에서 자주. (2) Allocation rate 급증 — 트래픽 급증, 배치 시작. (3) 거대 객체 폭주 — Humongous(G1) 또는 그냥 큰 byte[]. 진단: GC 로그에서 promotion failed 직전의 Young GC 회수 효율 + Old 점유율 추이. MAT으로 Old에 대량 잔존하는 클래스 확인. 해결: -XX:+PrintPromotionFailure로 누가 실패시켰는지 로깅, Old 영역 확장(-Xmx 증가 또는 NewRatio 조정), G1으로 전환(-XX:+UseG1GC + region 단편화 자동 회피), 큰 객체 풀링(byte buffer pool 등).",PromotionFailure,FullGC,CMS,G1,Tuning,https://www.oracle.com/technical-resources/articles/java/g1gc.html,high,2026-04-30
gc-2026-003,heap_analysis,Allocation Rate 측정과 분석,"Allocation Rate = 단위 시간당 Eden에 할당되는 메모리량. GC 압력의 직접 지표. 계산: 두 Young GC 사이 (Young 회수 직전 사용량 - 회수 직후 사용량) / 시간 차이. 예: GC(N) 50M->5M, 1초 후 GC(N+1) 60M->8M → (60-5) MB/초 = 55 MB/s allocation rate. 정상 웹앱: 100~500 MB/s. 1 GB/s 초과면 GC overhead 문제 가능. 도구 자동화: GCViewer 'allocated/s', GCEasy 'object creation rate', Micrometer jvm.gc.memory.allocated counter rate. 높은 allocation rate 원인: 과도한 String/Object 생성(반복 toString/concat), 매 요청마다 큰 객체 생성, 로깅 verbose. 해결: 객체 풀링은 신중히(GC가 보통 풀링보다 효율), StringBuilder/Buffer 재사용, JFR로 hot allocation 사이트 식별 후 핫스팟 최적화.",GC,AllocationRate,Eden,Performance,JFR,https://docs.oracle.com/en/java/javase/17/jfapi/getting-started.html,info,2026-04-30
java-spring-005,java_spring,Spring AOP CGLIB 프록시 메모리 비용,"Spring AOP는 인터페이스 기반 빈에 JDK Proxy, 클래스 기반에 CGLIB Proxy 사용. CGLIB은 런타임에 서브클래스 바이트코드 생성 — 빈마다 새 Class 생성되어 Metaspace 사용. 다수의 @Transactional/@Async/@Cacheable 빈이 있으면 누적. 진단: jcmd PID VM.metaspace 또는 MAT Class Loader Explorer에서 Spring CGLIB 패턴 클래스(MyService$$EnhancerBySpringCGLIB$$xxx) 인스턴스 수 확인. 정상은 빈당 1개, 다수면 ApplicationContext 재생성 누수. 메모리 영향: CGLIB 클래스당 약 5~20KB Metaspace + 1KB Heap. 1000 빈이면 5~20MB Metaspace. proxyTargetClass=false(인터페이스 있으면 JDK Proxy 우선)로 약간 절감. 권장: @EnableAspectJAutoProxy(proxyTargetClass=false), final 클래스/메소드 피하기(CGLIB 강제 트리거).",Spring,AOP,CGLIB,Proxy,Metaspace,https://docs.spring.io/spring-framework/reference/core/aop/proxying.html,info,2026-04-30
java-spring-006,java_spring,Spring @Async ThreadPool 설정,"Spring @Async는 기본적으로 SimpleAsyncTaskExecutor 사용 — 매 호출마다 새 스레드 생성, 풀링 안 함. 운영에서 절대 사용 금지. 적절한 설정: @Configuration에 @Bean으로 ThreadPoolTaskExecutor 등록, corePoolSize/maxPoolSize/queueCapacity 명시. 권장 시작값: core=CPU코어수, max=core*2, queue=100. RejectedExecutionHandler 명시(기본 AbortPolicy → 거부 시 예외, CallerRunsPolicy면 호출 스레드가 실행해 throttling 효과). 누수 패턴: queue=Integer.MAX_VALUE면 max에 도달 못해 maxPoolSize 무의미 + 메모리 무한 누적. 모니터링: ThreadPoolTaskExecutor.getActiveCount/getQueueSize/getPoolSize, Spring Boot Actuator metrics(executor.active/executor.queued). 종료 시 setWaitForTasksToCompleteOnShutdown(true) + setAwaitTerminationSeconds(30)으로 graceful shutdown.",Spring,Async,ThreadPool,Executor,Tuning,https://docs.spring.io/spring-framework/reference/integration/scheduling.html,medium,2026-04-30
java-spring-007,java_spring,Spring @Cacheable maxSize 필수,"Spring Cache abstraction(@Cacheable)은 기본 ConcurrentMapCacheManager 사용 — 사이즈 제한 없는 ConcurrentHashMap. 운영에서 사실상 메모리 누수. CacheManager를 반드시 교체: Caffeine 권장(JVM 내장 캐시 표준). 설정: @Bean CaffeineCacheManager + caffeineSpec=maximumSize=10000,expireAfterWrite=5m. 또는 application.properties spring.cache.type=caffeine + spring.cache.caffeine.spec. 분산 캐시 필요 시 Redis(spring-boot-starter-data-redis + spring-boot-starter-cache). 진단: Micrometer cache.size, cache.gets(result=hit/miss), cache.puts 메트릭 노출. hit ratio 30% 미만이면 캐시 키 설계 잘못. cache.evictions 증가는 maxSize 도달 신호. 캐시 키 설계 주의: 사용자 ID 포함하면 사용자 수만큼 키 폭증.",Spring,Cache,Cacheable,Caffeine,Redis,https://docs.spring.io/spring-boot/docs/current/reference/html/io.html#io.caching,high,2026-04-30
java-jvm-005,java_spring,Container 환경 메모리 인식,"JDK 8u191+, JDK 10+에서 -XX:+UseContainerSupport(기본 활성)로 cgroup memory limit 인식. -Xmx 미지정 시 컨테이너 limit 기반 자동 산정. 권장 옵션: -XX:MaxRAMPercentage=75 (기본 25, 너무 보수적), -XX:InitialRAMPercentage=50, -XX:MinRAMPercentage=50. 즉 컨테이너 memory limit가 4GB면 heap에 3GB(-Xmx3g 효과), 나머지 1GB는 Metaspace+Direct+Stack+JIT. -Xmx와 limit를 동일하게 두면 native 영역 없어 OOM Killer 위험. 검증: jcmd PID VM.flags | grep MaxHeapSize. 컨테이너 memory.usage_in_bytes(cgroup v1) 또는 memory.current(v2)로 실제 RSS 모니터링. K8s에서는 requests=limits로 QoS=Guaranteed 권장. JDK 17+는 cgroup v2 인식 개선.",JVM,Container,Kubernetes,cgroup,RAMPercentage,https://www.eclipse.org/openj9/docs/xxusecontainersupport/,info,2026-04-30
java-jvm-006,java_spring,GC 알고리즘 선택 가이드,"JDK 17+ 사용 가능 GC와 권장 시나리오. (1) G1GC(-XX:+UseG1GC, JDK 9+ 기본): heap 4~32GB, throughput과 latency 균형. 99%의 일반 웹앱 권장. (2) Parallel GC(-XX:+UseParallelGC): batch/throughput 우선, pause 시간 무관(>1초 OK). 옛날 기본. (3) ZGC(-XX:+UseZGC, JDK 15+ stable): heap 8GB~16TB, sub-millisecond pause 필요. low-latency 트레이딩, 실시간 게임. JDK 21+ Generational ZGC는 throughput도 개선. (4) Shenandoah(-XX:+UseShenandoahGC): ZGC 대안, RedHat OpenJDK 빌드. (5) Serial GC(-XX:+UseSerialGC): 1GB 미만 작은 힙, single-thread 환경. 임베디드. (6) Epsilon(-XX:+UseEpsilonGC): no-op GC, 짧은 수명 프로세스/벤치마크 전용. 선택 기준: heap 크기 + pause 요구 → G1 우선, latency 중요하면 ZGC.",JVM,GC,G1,ZGC,Shenandoah,Parallel,https://docs.oracle.com/en/java/javase/17/gctuning/available-collectors.html,info,2026-04-30
java-jvm-007,java_spring,Heap Dump 캡처 명령 5종,"운영 중 heap dump를 얻는 5가지 방법. (1) jcmd PID GC.heap_dump /path/file.hprof — 외부 도구 불필요, 가장 권장. -all 옵션은 GC 거치지 않음(누수 진단용). (2) jmap -dump:format=b,file=file.hprof PID — 레거시, JDK 9+에서는 jcmd 권장. live 옵션(-dump:live)은 GC 후 캡처. (3) -XX:+HeapDumpOnOutOfMemoryError -XX:HeapDumpPath=/dump — OOM 발생 시 자동 캡처. 운영 필수 옵션. (4) Spring Boot Actuator /actuator/heapdump — HTTP 호출, .hprof.gz 다운로드. (5) JMX HotSpotDiagnosticMXBean.dumpHeap(path, live) — 프로그래매틱. 모든 방법 공통 주의: heap dump 캡처는 stop-the-world(수십 초~수 분), 운영 중 호출은 사용자 영향 평가 후 수행. 디스크 여유: -Xmx의 1.5배 권장(-Xmx 8GB면 12GB 여유). 캡처 후 즉시 gzip 압축해 다른 호스트로 이동(/tmp 가득 위험).",JVM,HeapDump,jcmd,jmap,Actuator,https://docs.oracle.com/en/java/javase/17/troubleshoot/diagnostic-tools.html,info,2026-04-30
java-jvm-008,java_spring,JIT 컴파일 단계와 Code Cache,"HotSpot JIT는 Tiered Compilation(-XX:+TieredCompilation, JDK 8+ 기본). 단계: Level 0(인터프리터) → Level 1~3(C1 컴파일러, 빠른 컴파일) → Level 4(C2 컴파일러, 최적화 집중). 메소드 호출 횟수가 임계 도달하면 단계 승격. 결과 코드는 Code Cache(-XX:ReservedCodeCacheSize, 기본 240MB) 저장. Code Cache 부족 시 JIT 비활성 → 인터프리터 실행으로 성능 급락. 진단: -XX:+PrintCodeCache 종료 시 출력, jcmd PID Compiler.codecache 실시간. 'CodeCache is full. Compiler has been disabled' 로그가 결정적. 해결: -XX:ReservedCodeCacheSize=512m로 확장, JFR로 inline failure 분석, JDK 9+ 분리된 code heap(-XX:+SegmentedCodeCache 기본)으로 단편화 완화. 마이크로서비스 다수 빈/AOP 환경에서 code cache 빨리 참.",JIT,CodeCache,C1,C2,TieredCompilation,https://docs.oracle.com/en/java/javase/17/vm/java-hotspot-virtual-machine-performance-enhancements.html,info,2026-04-30
mat-tip-005,mat_tip,Top Components 리포트 활용,"MAT의 Top Components 리포트는 retained heap을 ClassLoader 또는 Package 단위로 그룹화해 '어떤 모듈이 메모리를 가장 많이 차지하나' 식별. /analyze/{filename} 화면의 Top Components 탭이 동일. 사용 시점: Leak Suspects는 단일 객체 우선이라 framework 누수가 안 보일 때, 모듈/라이브러리 단위 분석에 적합. 해석: System Class Loader는 JDK 자체, AppClassLoader는 application classes, WebappClassLoader(Tomcat)는 webapp 단위. WebappClassLoader가 비정상 retained heap이면 ClassLoader 누수 의심. Spring framework, Hibernate, Logging library 별로 retained heap을 보면 어느 라이브러리에 누수 가능성 있는지 1차 스크리닝. 한계: 단일 객체 누수는 안 보임 — Leak Suspects와 병행 분석 필수.",MAT,TopComponents,ClassLoader,Package,모듈누수,https://help.eclipse.org/latest/topic/org.eclipse.mat.ui.help/reference/inspections/component_report.html,info,2026-04-30
mat-tip-006,mat_tip,두 Heap Dump 비교 분석,"운영 중 두 시점 heap dump를 비교해 '시간에 따라 무엇이 늘었나' 식별. MAT 메뉴: Window → Open Heap Dump(첫 번째) → Histogram → 우상단 Compare With 아이콘 → 두 번째 dump 선택. 결과: Class Name / Objects(차이) / Shallow Heap(차이) 컬럼. + 값이 큰 클래스가 누수 후보. 분석 시나리오: T0(서비스 기동 직후) vs T1(24시간 운영 후) 차이가 정상 캐시 워밍업 vs 누수 구분. 1~2개 클래스만 비정상 증가면 누수, 전반적 비례 증가면 트래픽에 따른 정상. 도구 한계: 두 dump가 서로 다른 JVM 버전이면 클래스 시그니처 차이로 비교 부정확. 같은 JVM/같은 호스트에서 캡처 권장. 자동화: jcmd로 주기적 capture + 스크립트로 jhsdb hprof-diff(JDK 9+) 비교.",MAT,Compare,Histogram,DiffAnalysis,https://help.eclipse.org/latest/topic/org.eclipse.mat.ui.help/tasks/comparingdata.html,info,2026-04-30
mat-tip-007,mat_tip,MAT Thread Stack 분석,"Heap dump에는 캡처 시점의 Thread 정보와 스택 프레임도 포함. MAT의 Thread Overview 화면(우측 메뉴 Open Query Browser → Java Basics → Thread Overview): 모든 스레드 목록 + 상태 + retained heap. 각 스레드 클릭 → Thread Details에서 스택 프레임의 local variables를 객체 단위로 검사 가능. 활용: (1) BLOCKED 스레드의 monitor 보유자 식별. (2) RUNNABLE 스레드가 어떤 메소드 어떤 객체를 처리 중이었는지. (3) 큰 객체가 메소드 local에 잡혀있어 retain되는 케이스 진단. 본 프로젝트의 /analyze/{filename}의 Threads 탭이 동일 정보 — Thread Overview HTML과 .threads 파일을 매칭. 한계: Thread Dump(jstack)와 달리 스택 프레임 line number는 부정확할 수 있음. 정밀 분석은 jstack 별도 캡처와 cross-check.",MAT,ThreadOverview,Thread,StackFrame,https://help.eclipse.org/latest/topic/org.eclipse.mat.ui.help/tasks/analyzingthreads.html,info,2026-04-30
mat-tip-008,mat_tip,MAT Inspector 뷰 사용법,"MAT Inspector 뷰는 선택된 객체의 필드값과 참조 관계를 자세히 검사하는 사이드 패널. 활성화: Window → Show View → Inspector. Histogram이나 Dominator Tree에서 객체 선택 시 자동 갱신. 표시 정보: (1) Statistics — Shallow/Retained heap, GC root 여부. (2) Attributes — 모든 필드의 값(primitive는 직접, 객체는 클래스명+@id). (3) Class Hierarchy — 상속 트리. (4) Static Fields — 클래스 레벨 static 변수. 활용: Map/Cache 객체에서 표 안의 실제 키-값 페어 확인, Spring bean의 의존성 그래프 추적, 거대 byte[]의 hex 미리보기로 어떤 데이터인지(이미지/JSON/PDF) 식별. 객체 ID(@1234)로 OQL과 연계: SELECT * FROM SomeClass WHERE @id = 1234. 단축 활용: 우클릭 → Copy → Address로 ID 복사.",MAT,Inspector,Fields,Debug,https://help.eclipse.org/latest/topic/org.eclipse.mat.ui.help/reference/inspections/inspector_view.html,info,2026-04-30
mat-oql-002,mat_tip,MAT OQL 고급 — UNION 서브쿼리,"OQL은 SQL처럼 UNION과 서브쿼리 지원. 서브쿼리 예: 큰 String을 가진 객체 찾기 — SELECT * FROM com.example.User u WHERE (SELECT s FROM java.lang.String s WHERE s = u.name AND s.value.@length > 100) != null. UNION: 두 결과 병합 — SELECT * FROM java.util.HashMap m UNION (SELECT * FROM java.util.LinkedHashMap m). 객체 ID로 직접 참조: SELECT * FROM 0x7fb8c0001234. 와일드카드: SELECT * FROM \"java\\..*Map\" 정규식. 다중 클래스: SELECT * FROM INSTANCEOF java.util.Collection — 모든 컬렉션 서브타입. 집계 함수: count, sum, avg, min, max는 모두 지원하나 그룹화는 GROUP BY로. 결과를 다른 쿼리에 입력: 우클릭 'Use selected objects'. 디버깅: 결과 0건이면 와일드카드/정규식 escape 확인.",MAT,OQL,SQL,Subquery,UNION,https://help.eclipse.org/latest/topic/org.eclipse.mat.ui.help/reference/oqlsyntax.html,info,2026-04-30
mat-oql-003,mat_tip,OQL로 Duplicate Strings 탐지,"동일 String 인스턴스 다중 생성은 흔한 메모리 낭비 — String.intern() 또는 String.intern() 자동(JDK 7+) 누락. OQL 진단: SELECT a.toString(), count(a) FROM java.lang.String a GROUP BY a.toString() HAVING count(a) > 100 ORDER BY count(a) DESC. 결과의 상위 String이 'application/json' 'true' 'GET' 같은 짧은 상수면 intern() 또는 enum 변환으로 100% 절감 가능. byte[] 중복도 동일 패턴: SELECT a.@length, count(a) FROM byte[] a GROUP BY a.@length HAVING count(a) > 1000. 결과의 동일 길이 byte[] 다수면 캐시 미사용 의심. 절감 효과: 운영 환경에서 짧은 상수 String 1만개 중복 → 약 240KB(인스턴스당 24바이트) + char[] 데이터. 자동화: JFR Old Object Sample 이벤트로 주기적 모니터링.",MAT,OQL,Duplicate,String,Intern,https://shipilev.net/jvm/anatomy-quarks/10-string-intern/,info,2026-04-30
mat-tip-009,mat_tip,Reachable vs Unreachable Objects,"기본 heap dump는 Reachable Objects(GC root에서 도달 가능)만 포함. Unreachable(곧 GC 대상이지만 아직 회수 안 된)은 제외. 누수 분석에는 Reachable이면 충분 — 못 회수되는 게 누수이므로. 그러나 GC 동작 자체를 분석할 때는 Unreachable 필요. 캡처 옵션: jmap -dump:live(Reachable만) vs jmap -dump:format=b(전체). MAT 옵션: File → Open Heap Dump → 'Keep unreachable objects' 체크. 본 프로젝트 /settings의 'Keep Unreachable Objects' 토글이 MAT CLI -keep_unreachable_objects 옵션 제어. 활성 시 분석 시간 1.5~2배, dump 파일도 그대로 보존. 일반 누수 진단은 비활성 권장(노이즈 적고 빠름). GC 비효율 분석/Cleaner 진단 시만 활성.",MAT,Reachable,Unreachable,GC,KeepUnreachable,https://help.eclipse.org/latest/topic/org.eclipse.mat.ui.help/reference/preferences.html,info,2026-04-30
mat-tip-010,mat_tip,MAT Index 파일 의미,"MAT은 heap dump 첫 분석 시 .index 디렉토리에 사전 계산 색인 파일들을 생성 — a2s/idx/inbound/outbound/o2c 등. 두 번째 열 때부터는 색인 재사용해 빠른 로딩. 인덱스 크기: 원본 .hprof의 30~50%. 디스크 부담 큰 경우 분석 후 .index 디렉토리 삭제 가능 — 다음 열기는 다시 사전 계산(수 분~수십 분). 본 프로젝트는 분석 후 .index와 보고서 ZIP만 보존, .hprof는 압축(.gz)하여 dumpfiles/에. data/{baseName}/ 디렉토리 안에 .index 잔존 시 재분석 시도하면 곧바로 사용. .index 손상 신호: 'IOException at offset' 또는 'Index file corrupt' 에러 → .index 디렉토리 통째 삭제 후 재분석. JVM 버전이 달라지면 인덱스 호환 안 되니 동일 환경에서 분석 권장.",MAT,Index,분석속도,Cache,https://help.eclipse.org/latest/topic/org.eclipse.mat.ui.help/concepts/heapdump.html,info,2026-04-30
ts-2026-005,troubleshooting,Logback async appender 큐 누적 가상 사례,"(예시 — 실제 사례로 교체 필요) 가정 시나리오: 운영 중 OOM, heap dump 분석 결과 ch.qos.logback.classic.AsyncAppender의 BlockingQueue가 retained heap 1위. 원인 분석: (1) 외부 syslog 서버 응답 지연으로 Logback async appender의 ConsoleAppender 출력이 느려져 큐 누적. (2) queueSize 기본 256이지만 application 코드에서 8192로 늘려 둔 상태 + neverBlock=true로 큐 가득해도 처리 진행. (3) ERROR 레벨 로그가 평소보다 100배 폭증. 해결: queueSize를 적정값(1024)으로 환원, neverBlock=false(기본)로 설정해 큐 가득 시 블록 또는 discard. discardingThreshold=20%으로 큐 80% 차면 TRACE/DEBUG 자동 drop. 외부 로그 시스템 장애 대비: 1차 로컬 파일 → 별도 fluent-bit/filebeat가 외부 전송하는 구조. 재발 방지: jvm.threads.queue.size 메트릭 알람.",incident,Logback,AsyncAppender,Queue,(예시 — 실제 사례로 교체 필요),high,2026-04-30
ts-2026-006,troubleshooting,HikariCP Connection Pool 고갈 가상 사례,"(예시 — 실제 사례로 교체 필요) 가정 시나리오: API 응답이 갑자기 30초 timeout 다발. 'HikariPool-1 - Connection is not available, request timed out after 30000ms' 로그 폭증. 원인 분석: (1) HikariCP maximumPoolSize=20, 평소 active=5 정도였으나 장애 시각부터 active=20 고정. (2) leakDetectionThreshold=60000 활성으로 누수 스레드 자동 로깅 — 스택이 모두 동일 BatchService.processItems. (3) 코드 추적: try { conn = dataSource.getConnection(); ... 처리 ... conn.close(); } 인데 처리 도중 RuntimeException 발생 시 close 호출 안 됨. 해결: try-with-resources로 변경 try (Connection conn = dataSource.getConnection()) { ... }. 또는 JdbcTemplate 강제 사용. 모니터링: hikaricp.connections.active vs idle 메트릭 + active=max에 도달하면 알람. 재발 방지: 코드 리뷰 룰에 직접 getConnection 금지 + try-with-resources 의무화.",incident,HikariCP,Connection,LeakDetection,(예시 — 실제 사례로 교체 필요),critical,2026-04-30
ts-2026-007,troubleshooting,Kafka Consumer rebalance 중 OOM 가상 사례,"(예시 — 실제 사례로 교체 필요) 가정 시나리오: Kafka consumer 그룹에서 한 인스턴스 OOM 발생. 원인 분석: (1) 평소 partition 10개를 5개 인스턴스가 분산 — 인스턴스당 2 partition. (2) 인스턴스 1개 다운으로 rebalance 발생, 살아있는 인스턴스가 2.5 partition씩 보유 → max.poll.records=500 × partition 증가로 한 poll에 1250개 메시지. (3) 메시지당 평균 2KB → poll 1회당 2.5MB 메모리, 처리 중 다음 poll 누적. heap dump에서 ConsumerRecords가 retained heap 상위. 해결: max.poll.records를 200으로 축소 + max.partition.fetch.bytes 명시 제한. consumer 인스턴스 수를 partition 수보다 1개 많이 두어 rebalance 영향 최소화. 메시지 처리는 ThreadPool로 비동기 처리하되 backpressure 적용. 재발 방지: kafka consumer lag 알람 + heap usage 알람.",incident,Kafka,Consumer,Rebalance,(예시 — 실제 사례로 교체 필요),high,2026-04-30
ts-2026-008,troubleshooting,Redis cache miss 폭증 → DB 풀 고갈 가상 사례,"(예시 — 실제 사례로 교체 필요) 가정 시나리오: Redis 일시 장애 후 응답이 모두 5초+ 지연, DB 인스턴스 CPU 100%. 원인 분석: (1) Redis cache hit ratio가 평소 95%였는데 Redis 재시작 후 0%로 하락. (2) cache miss 시 DB fallback 코드가 thundering herd 방어 없이 그대로 동작 → 동일 키에 동시 1000건 DB 쿼리. (3) HikariCP 풀 30개가 즉시 고갈, 나머지 요청은 connection wait. 해결: (1) Redis 캐시 미스 시 동일 키 쿼리 합치기 — Caffeine local cache + Redis 2단계 또는 단순 Mutex/Lock. (2) circuit breaker(Resilience4j)로 Redis 장애 시 빠르게 fallback 결정. (3) DB 쿼리에 timeout 명시(JPA hibernate.javax.persistence.query.timeout=3000). 재발 방지: cache 의존도 메트릭 추적, Redis 장애 시뮬레이션 chaos 테스트.",incident,Redis,Cache,ThunderingHerd,DB,(예시 — 실제 사례로 교체 필요),critical,2026-04-30
ts-2026-009,troubleshooting,파일 업로드 메모리 누적 가상 사례,"(예시 — 실제 사례로 교체 필요) 가정 시나리오: 대용량 파일 업로드 기능 도입 후 OOM 빈발. 원인 분석: (1) Spring Boot multipart 기본 설정 spring.servlet.multipart.max-file-size=1MB이었으나 운영 요구로 100MB로 변경. (2) 동시 업로드 10건이면 1GB 메모리 점유. (3) 코드에서 MultipartFile.getBytes()로 전체를 byte[]로 읽어 메모리 누적. (4) heap dump에서 byte[] 인스턴스 100MB짜리가 다수. 해결: (1) MultipartFile.getInputStream()으로 스트리밍 처리 — Files.copy(inputStream, target) 디스크 직접 저장 후 분석. (2) spring.servlet.multipart.file-size-threshold=10MB 명시 — 10MB 초과 시 디스크 임시 파일로 자동 저장. (3) 동시 업로드 throttling — Semaphore(3)으로 최대 3건 동시. 재발 방지: 업로드 메트릭 + heap usage 임계 알람. 본 프로젝트의 heap dump 업로드도 동일 패턴 적용.",incident,Multipart,Upload,Streaming,(예시 — 실제 사례로 교체 필요),high,2026-04-30
ts-2026-010,troubleshooting,WebSocket 세션 누수 가상 사례,"(예시 — 실제 사례로 교체 필요) 가정 시나리오: 실시간 알림용 WebSocket 도입 후 메모리가 1주일에 걸쳐 점진 증가. 원인 분석: (1) WebSocketSession을 application 코드에서 ConcurrentHashMap<userId, WebSocketSession>으로 보관. (2) 클라이언트가 비정상 종료(네트워크 끊김, 브라우저 강제종료) 시 onClose 이벤트가 server에 도달 안 함 → Map에 좀비 세션 누적. (3) heap dump에서 WebSocketSession 인스턴스 수가 정상 동시접속자의 5배. 해결: (1) ping/pong heartbeat 활성 — 30초 주기, 미응답 시 server에서 세션 제거. ServerEndpointConfig.Configurator에서 maxIdleTimeout=60000. (2) 세션 Map을 WeakHashMap 또는 Caffeine cache(expireAfterAccess=5m). (3) 명시적 정리 task — ScheduledExecutor로 1분마다 isOpen=false 세션 제거. 재발 방지: websocket.sessions.active 메트릭 + 비정상 증가 알람.",incident,WebSocket,Session,Heartbeat,(예시 — 실제 사례로 교체 필요),high,2026-04-30
ts-2026-011,troubleshooting,Scheduled Task 중첩 실행 가상 사례,"(예시 — 실제 사례로 교체 필요) 가정 시나리오: 매분 실행되는 통계 집계 배치가 메모리를 점진 누적. 원인 분석: (1) @Scheduled(cron='0 * * * * *')로 매분 시작, 평소 30초에 끝나던 작업이 DB 부하로 90초까지 늘어남. (2) Spring 기본 ScheduledExecutorService는 싱글스레드 — 이전 작업이 끝나야 다음 시작이 정상이지만, 만약 풀을 늘려 두면(@Bean TaskScheduler poolSize=5) 동시 5개까지 실행. (3) 동일 작업 중첩 실행으로 같은 데이터 처리 + 임시 메모리 객체 5배. 해결: (1) @Scheduled에 fixedDelay 사용 — 이전 종료 후 N초 대기로 중첩 방지. (2) 싱글톤 보장이 필요하면 ShedLock 또는 분산 락(Redis/DB)으로 다중 인스턴스 환경에서도 1개만 실행. (3) 작업 시간 측정 + cron 주기보다 길어지면 알람. 재발 방지: @Scheduled가 있는 모든 메소드에 시간 측정 메트릭 의무화.",incident,Scheduled,Cron,중첩실행,ShedLock,(예시 — 실제 사례로 교체 필요),medium,2026-04-30
jeus-001,was_jeus,JEUS Heap Dump 캡처 방법,"TmaxSoft JEUS는 JVM 기반 WAS이므로 표준 JVM 도구로 heap dump 캡처 가능. 방법별 비교. (1) jeusadmin 명령: jeusadmin -domain=DOMAIN -u USER -p PASS 후 'thread-dump SERVER_NAME' 또는 'heap-dump SERVER_NAME' — JEUS 자체 기능. 8/9 버전에서 사용 가능. (2) jcmd PID GC.heap_dump /path/file.hprof — JVM 표준, 가장 권장. JEUS 프로세스 PID는 jeusadmin 'server-info'로 확인 또는 ps -ef | grep jeus.server. (3) JEUS WebAdmin 콘솔(http://host:9744/webadmin) → Servers → 해당 서버 → Diagnosis → Heap Dump. 사용자 친화적 GUI. (4) -XX:+HeapDumpOnOutOfMemoryError -XX:HeapDumpPath=/path를 jeusenv.properties의 JVM_ARGS에 추가 — OOM 자동 캡처. 운영 필수. 캡처 위치: JEUS_HOME/bin 또는 사용자 지정 경로. 디스크 여유: -Xmx 1.5배 권장. 캡처 중 stop-the-world 수십 초 발생 — 트래픽 분산 후 호출.",JEUS,heapdump,jeusadmin,jcmd,WAS,https://technet.tmaxsoft.com/upload/download/online/jeus/,info,2026-04-30
jeus-002,was_jeus,JEUS 메모리 영역 구조,"JEUS의 메모리 구조는 표준 JVM 위에 JEUS 자체 컨테이너가 올라가는 구조. JVM Heap = Domain Administration Server(DAS) + Managed Server 각각 별도 JVM 프로세스. 각 서버 JVM 안에는: (1) Web Container — Servlet/JSP 처리. 세션 데이터 보유. (2) EJB Container — Stateless/Stateful Session Bean 풀. (3) JNDI Tree — 등록된 자원 메타데이터. (4) JCA Connector Pool — DataSource, JMS connection. (5) Cluster 동기화 캐시(클러스터 환경). 운영 권장 -Xmx: 4~8GB. 그 이상 큰 heap은 ZGC 검토. JEUS 9 기준 기본 -Xms256m -Xmx512m으로 시작 — 운영 환경에 부족하니 jeusenv.properties에서 JVM_ARGS 명시 조정. JEUS 자체 메타데이터(Container 관리)가 약 100~200MB 상시 점유. 모니터링: WebAdmin → Monitoring → JVM 화면에서 heap usage 실시간.",JEUS,메모리,Container,EJB,WebContainer,https://technet.tmaxsoft.com,info,2026-04-30
jeus-003,was_jeus,JEUS Session 관리,"JEUS WebContainer 세션 저장 방식 3가지. (1) MEMORY(기본) — JVM heap에 ConcurrentHashMap 저장. 빠르지만 서버 재시작 시 소실, 클러스터 미지원. (2) FILE — 파일 시스템 직렬화. 재시작 후에도 유지. (3) JDBC — DB 테이블 저장. 클러스터 환경 필수. 4) DISTRIBUTED — JEUS 클러스터 내 메모리 복제. 설정: WEBMain.xml의 <session-config> 또는 WebAdmin → Web Engine → Session. 메모리 누수 패턴: (1) 세션에 큰 객체 저장(이미지 byte[], 검색 결과 List<DTO>) → 사용자별로 누적. (2) 세션 만료 timeout 너무 길게(기본 30분, 운영에서 8시간 등). (3) HttpSession.removeAttribute 누락. 진단: heap dump → MAT에서 jeus.servlet.engine.HttpSessionImpl 인스턴스 retained heap. 정상은 동시접속자 수와 일치. 해결: 세션 timeout 적정화, 큰 객체는 DB로, JDBC 세션 모드 검토.",JEUS,Session,WebContainer,누수,https://technet.tmaxsoft.com,info,2026-04-30
jeus-004,was_jeus,JEUS DataSource 풀 설정,"JEUS DataSource는 domain.xml의 <data-source> 또는 WebAdmin → Resources → JDBC에서 설정. 핵심 파라미터: pool-min(최소 연결 수, 보통 5), pool-max(최대, 운영 보통 30~50), connection-timeout(획득 대기, 기본 무한 → 5초로 명시 권장), max-use-count(최대 재사용 횟수, 기본 0=무제한, 0이면 누수 시 평생 retain), wait-free-connection(true 권장), check-query(SELECT 1 등 헬스체크), period(헬스체크 주기). 누수 진단: WebAdmin Monitoring → DataSource 화면에서 active vs idle 모니터링. active가 max에 고정이면 누수. JNDI lookup 후 Connection.close() 누락이 가장 흔한 원인. JPA/JdbcTemplate 사용 강제 + try-with-resources. JEUS 자체에 Stale Connection Detector 있어 check-query로 죽은 연결 자동 제거. tx-isolation 명시 권장(READ_COMMITTED 일반).",JEUS,DataSource,JDBC,ConnectionPool,누수,https://technet.tmaxsoft.com,high,2026-04-30
jeus-005,was_jeus,JEUS Web Container Thread Pool,"JEUS Web Container의 요청 처리 스레드 풀. WEBMain.xml의 <thread-pool> 또는 WebAdmin → Web Engine → Thread Pool. 핵심: min(최소 스레드, 보통 10), max(최대, 운영 50~200), keep-alive-time(idle 회수, 60초), queue-size(대기 큐, 보통 100). max에 도달하고 큐도 가득 차면 503 에러. 진단: Monitoring → Web Engine에서 active threads / busy threads 모니터링. 'thread pool exhausted' 로그가 결정적. 누수 원인: (1) 외부 API 호출 timeout 무한 → 모든 스레드가 외부 응답 대기. (2) DB 쿼리 timeout 누락. (3) infinite loop 코드. heap dump의 Thread Overview에서 RUNNABLE 스레드가 모두 동일 메소드면 외부 의존성 문제. 해결: max 즉흥 증가는 메모리 부담 — 1스레드 = 약 1MB 스택 + 처리 중 객체. 100→500 늘리면 약 500MB 추가. 근본 원인 timeout 도입 우선. JEUS 8+ NIO Connector 사용으로 connection 처리는 별도 스레드.",JEUS,ThreadPool,WebContainer,503,https://technet.tmaxsoft.com,high,2026-04-30
jeus-006,was_jeus,JEUS GC 로그 활성과 위치,"JEUS GC 로그 활성화: jeusenv.properties의 JVM_ARGS에 추가. JDK 9+ 통합 로깅: -Xlog:gc*,gc+heap=debug:file=JEUS_HOME/logs/SERVER_NAME/gc.log:tags,uptime,time:filecount=10,filesize=10M. JDK 8 이하 레거시: -XX:+PrintGCDetails -XX:+PrintGCDateStamps -Xloggc:JEUS_HOME/logs/SERVER_NAME/gc.log -XX:+UseGCLogFileRotation -XX:NumberOfGCLogFiles=10 -XX:GCLogFileSize=10M. 변경 후 server 재기동 필요(jeusadmin restart-server). 로그 위치 표준: JEUS_HOME/logs/<서버명>/ 아래 — 도메인 로그(domain.log), 서버 로그(<서버명>.log), GC 로그 위 설정. 분석: GCViewer/GCEasy로 시각화. 운영 필수 옵션 추가: -XX:+HeapDumpOnOutOfMemoryError -XX:HeapDumpPath=JEUS_HOME/logs/<서버명>/heapdump.hprof. -XX:NativeMemoryTracking=summary로 native 추적도 권장.",JEUS,GC,Log,jeusenv,https://technet.tmaxsoft.com,info,2026-04-30
jeus-007,was_jeus,JEUS 클러스터 메모리 모니터링,"JEUS 클러스터는 DAS(Domain Administration Server) 1개 + N개의 Managed Server로 구성. 각 Managed Server는 독립 JVM이므로 메모리 모니터링도 서버별. 통합 모니터링 방법. (1) WebAdmin → Cluster → Server List에서 각 서버 heap usage 한 화면. (2) jeusadmin command 'monitor server SERVER_NAME -interval 5' 5초 주기 모니터링. (3) JMX RMI 활성화 — jeusenv.properties에 -Dcom.sun.management.jmxremote.port=PORT 추가, 외부 모니터링(Prometheus JMX exporter, Datadog) 연결. (4) JEUS 자체 SNMP agent 활성화로 NMS 통합. 클러스터 세션 동기화 메모리 영향: distributed session 모드에서 세션 변경 시 모든 클러스터 멤버에 복제 — 멤버 N개면 메모리 N배. 큰 세션 객체 + 다수 멤버는 OOM 위험. JEUS 클러스터 통신은 멀티캐스트(default) 또는 유니캐스트 — 멀티캐스트는 네트워크 정책에 따라 차단될 수 있음.",JEUS,Cluster,Monitoring,JMX,Session,https://technet.tmaxsoft.com,info,2026-04-30
jeus-008,was_jeus,JEUS 버전별 차이 (7/8/9),"주요 버전별 차이점. JEUS 7(2014~): JDK 6/7 지원, J2EE 5/6 호환, 단일 노드 중심 구성. WebAdmin은 Flash 기반(현재 deprecated). JEUS 8(2017~): JDK 7/8 지원, Java EE 7 호환, WebAdmin HTML5 전환, Cluster 기능 강화, NIO Connector 기본, JPA 2.1. JEUS 9(2021~): JDK 8/11/17 지원(9 fix7+에서 JDK 17), Jakarta EE 9.1 호환(javax→jakarta 패키지 변경 큰 이슈), MicroProfile 일부 지원, 도메인 모델 단순화, REST API 강화. 운영 영향: JEUS 8→9 마이그레이션은 javax/jakarta 패키지 변경으로 모든 application 코드 수정 필요. 단순 라이브러리 교체 아님. JEUS 9 기준 권장 JDK는 LTS인 11 또는 17. JDK 17 + ZGC + JEUS 9 조합이 최신 권장. 라이선스/지원: 각 버전 EOSL(End of Service Life) 확인 — 7/8은 단계적 EOSL 진행 중.",JEUS,버전,7,8,9,Jakarta,https://technet.tmaxsoft.com,info,2026-04-30
jeus-009,was_jeus,JEUS Hot Deploy ClassLoader 누수,"JEUS는 application.xml 또는 WebAdmin에서 hot deploy(재시작 없이 application 교체) 지원. 매 deploy마다 새 ApplicationClassLoader 생성, 이전 ClassLoader는 GC 대상. 그러나 다음 패턴이면 회수 안 되어 Metaspace 누적 → OOM Metaspace 또는 Compressed Class Space. 누수 원인: (1) ThreadLocal에 application class 인스턴스 저장 후 cleanup 안 함 — JEUS Worker Thread가 보유. (2) 정적 캐시(java.beans.Introspector) 또는 Logger 등 JDK 자체 캐시에 application class 등록. (3) JDBC Driver를 application 안에 패키징 후 DriverManager에 등록만 하고 deregister 안 함. 진단: jcmd PID VM.metaspace 또는 MAT Class Loader Explorer에서 jeus.server.classloader.ApplicationClassLoader 인스턴스 수 — 정상은 1개, 누수 시 deploy 횟수만큼 누적. 해결: ServletContextListener.contextDestroyed에서 ThreadLocal/Driver/Logger 정리. JEUS의 jeus.server.classloader.useSafeContextClassLoader=true 옵션 검토. 운영에서 hot deploy는 가급적 재시작 권장.",JEUS,ClassLoader,HotDeploy,Metaspace,Leak,https://technet.tmaxsoft.com,high,2026-04-30
jeus-010,was_jeus,JEUS 관리 도구 jeusadmin / WebAdmin,"JEUS 관리 인터페이스 2종. (1) jeusadmin CLI: JEUS_HOME/bin/jeusadmin. 접속: jeusadmin -domain=DOMAIN -u USER -p PASS. 주요 명령. server-info(전체 서버 상태), thread-dump SERVER, heap-dump SERVER, monitor server SERVER, deploy/undeploy app, restart-server, log-list, gc(force GC 실행 — 운영 비추천). 스크립트 자동화에 적합. (2) WebAdmin GUI: http://host:9744/webadmin (포트는 도메인 설정에 따라 다름). 메뉴 트리: Domain / Servers / Applications / Resources / Monitoring / Diagnosis. 운영 모니터링은 WebAdmin이 직관적, 자동화는 jeusadmin. 보안: 둘 다 admin 계정 인증 필수. 운영에서 admin 비밀번호는 OS 환경변수 또는 wallet 사용 권장(스크립트 평문 비밀번호 위험). REST API: JEUS 9에서 강화 — /jeus-rest/v1/* endpoint로 동일 기능 호출, CI/CD 통합 용이. 권장 운영 패턴: 일상 모니터링 WebAdmin, 변경 작업 자동화는 jeusadmin 또는 REST API.",JEUS,jeusadmin,WebAdmin,REST,운영,https://technet.tmaxsoft.com,info,2026-04-30
webtob-001,was_webtob,Webtob 프로세스 구조 (HTH/HTM/HTL/JSV),"TmaxSoft Webtob은 웹 서버. 다중 프로세스 구조. (1) WSM(Web Service Manager) — 마스터 프로세스, 1개. 다른 프로세스 관리·재기동. (2) HTH(HTTP Handler) — TCP 리스너. 클라이언트 connection 수락. 보통 1~4개. (3) HTM(HTTP Manager) — 정적 콘텐츠 처리(html/css/js/이미지). HTH로부터 요청 받음. 다수 인스턴스(보통 NumChild 옵션으로 5~50개). (4) HTL(Logger) — 로그 기록 전담. 1개. (5) JSV(Java Service Verifier) — JEUS 또는 다른 WAS로 요청 라우팅하는 connector 프로세스. WAS 연동 시 사용. 메모리 사용 패턴: 각 프로세스별 독립 메모리, 하나당 보통 50~200MB. 다수 인스턴스 환경(HTM 50개)이면 합계 수 GB. 진단: ps -ef | grep -E '(wsm|hth|htm|htl|jsv)'로 프로세스 목록. wsadmin 'st -p'로 상태 확인.",Webtob,HTH,HTM,프로세스,WebServer,https://technet.tmaxsoft.com,info,2026-04-30
webtob-002,was_webtob,Webtob ↔ JEUS 연동 (JSV/JEUS Connector),"Webtob을 web tier로, JEUS를 was tier로 두는 표준 구성. 연동 방식 2가지. (1) JSV connector: Webtob의 JSV 프로세스가 JEUS와 TCP 통신, 동적 요청(JSP/Servlet) 라우팅. http.m 또는 http_jsv.m 설정. SVRGROUP/SERVER 정의에서 JSV 명시. JEUS 측 jeus_main.xml의 listener에 webtob connector 등록. (2) WebJSV/WebJ for plain HTTP — JEUS의 HTTP listener에 직접 reverse proxy. 메모리 영향: JSV connector 사용 시 keep-alive connection이 JSV ↔ JEUS 사이에 유지 — 양쪽 모두 connection별 buffer 메모리. 다량 동시 접속 시 누적 가능. 설정 권장: MaxRetry, ResponseTimeout 명시. 트러블슈팅: 503 에러는 JEUS가 응답 못 함 — JEUS thread pool exhausted 의심. 502는 connector 자체 실패 — JEUS down 또는 네트워크. JSV 로그(JSV.log), JEUS 측 access.log 양방향 확인.",Webtob,JEUS,Connector,JSV,503,502,https://technet.tmaxsoft.com,high,2026-04-30
webtob-003,was_webtob,Webtob HTH 메모리 사용 패턴,"HTH(HTTP Handler)는 TCP 리스너로, 동시 connection 수에 따라 메모리 사용. 각 connection당 buffer ~16KB. 10K connections면 약 160MB. HTH 자체 코드+초기화 약 50MB. 합계 200MB 정도가 정상 운영. 비정상 증가 패턴: (1) keep-alive timeout 너무 길어 idle connection 누적 — http.m의 KEEPALIVE_TIMEOUT을 30~60초로 명시. (2) DDoS 또는 비정상 트래픽으로 connection 수 폭증. (3) HTH 메모리 누수(드물지만 보고 사례 있음 — 패치 확인). 모니터링: ps -o pid,vsz,rss -p $(pgrep -f hth) 주기 측정. RSS가 1GB 초과면 의심. 해결: HTH 1개당 메모리가 OS 한계까지 가기 전에 Webtob restart(wsadmin reb -p hth) 자동화. 또는 HTH 다수 구성으로 부하 분산(http.m의 NumProcs 늘리고 LoadBalanceType=Round 적용). HTH 재기동 시 진행 중 connection은 끊김 — graceful 재기동 옵션 사용.",Webtob,HTH,메모리,KeepAlive,Connection,https://technet.tmaxsoft.com,medium,2026-04-30
webtob-004,was_webtob,Webtob 로그 분석 (access/error),"Webtob 표준 로그. (1) access.log — 모든 요청 기록(Apache 호환 Combined 포맷). 위치: WEBTOBDIR/log/access/ 일자별. 분석: awk '{print $9}' | sort | uniq -c 응답 코드 분포, $7로 URL별 빈도. 4xx/5xx 비율 모니터링. (2) error.log — Webtob 자체 에러. SVRGROUP/SERVER별 분리. 위치: WEBTOBDIR/log/error/. 'STARTED', 'DOWN' 같은 상태 변경 + 비정상 종료 로그. (3) HTH.log/HTM.log — 각 프로세스 trace 로그. 평소 비활성, 디버깅 시 활성. (4) JSV.log — JEUS 연동 trace. 503/502 진단 시 필수. 로그 회전: http.m의 LogTime/LogSize 옵션. JSV.log는 별도 설정. ELK/Splunk 연동: filebeat로 access.log 수집 → 실시간 응답 시간 모니터링. 메모리/heap dump 분석 시점 매칭: heap dump 캡처 시각의 access.log를 같이 받아 어느 요청이 폭주했는지 cross-check.",Webtob,access,error,로그,분석,https://technet.tmaxsoft.com,info,2026-04-30
webtob-005,was_webtob,Webtob 503 에러 진단,"503 Service Unavailable 응답의 일반적 원인. (1) JEUS connector(JSV) 응답 timeout — http.m의 ResponseTimeout 초과. 또는 JEUS thread pool 모두 busy로 요청 처리 못 함. (2) Webtob ↔ JEUS connection 한계 도달 — JSV의 MAX_CONNECTION 도달. (3) JEUS 다운 또는 네트워크 단절. 진단 절차. (1) JEUS WebAdmin Monitoring → Web Engine → Thread Pool: active threads = max인지. (2) JEUS thread dump: jeusadmin thread-dump SERVER. 모든 스레드가 동일 외부 호출 대기면 외부 의존성 timeout 부재. (3) JSV.log에서 'Receive Timeout' 또는 'Connection Refused' 메시지. 해결: (a) JEUS 측 thread pool 증설(메모리 영향 평가). (b) ResponseTimeout 적정값(30초)으로 명시. (c) 외부 의존성(DB/외부 API)에 timeout 의무 도입. (d) Webtob ↔ JEUS connection pool 크기 검토. 재발 방지: 503 비율 알람 + JEUS thread pool active 알람.",Webtob,503,JEUS,Timeout,JSV,https://technet.tmaxsoft.com,high,2026-04-30
webtob-006,was_webtob,Webtob 성능 튜닝,"성능 핵심 파라미터. http.m의 *VHOST/NODE/SVRGROUP/SERVER* 섹션. (1) NumProcs/MinProcs/MaxProcs(HTM 프로세스 수): 정적 콘텐츠 동시 처리 한계. CPU 코어 수의 2~4배. (2) MaxClient(VHOST): 가상 호스트당 동시 요청 한계. (3) KEEPALIVE_TIMEOUT(NODE): keep-alive 유지 시간. 짧으면 connection 빈번 재생성, 길면 idle 누적. 30~60초 권장. (4) HTHREAD(NODE 또는 HTH 정의): HTH 내부 worker 스레드 수. 동시 connection 처리. (5) UTHREAD: HTH ↔ HTM IPC 스레드. 동시 활성 요청. 운영 적정값은 부하 테스트로 결정. 정적 콘텐츠 비중 높으면 HTM 증설, JEUS 라우팅 비중 높으면 JSV 증설. 모니터링: wsadmin 'si'(server info) 또는 'st'(status). active vs idle 비율로 병목 판단. http.m 변경 후 wscfl 재컴파일 + Webtob 재기동.",Webtob,성능,튜닝,HTM,KeepAlive,https://technet.tmaxsoft.com,info,2026-04-30
webtob-007,was_webtob,Webtob SSL/TLS 설정,"HTTPS 활성화: http.m의 NODE 섹션에 SSLFlag=Y, CertificateFile, PrivateKeyFile 명시. CertificateFile은 PEM 형식 단일 파일 또는 인증서 + 중간 CA chain. PrivateKey는 별도 파일, PrivateKeyPassword가 암호화면 암호 명시(또는 keypass tool 사용). 메모리 영향: TLS handshake당 약 16~32KB 추가 메모리(handshake 중 RSA/ECDH 연산 buffer). 동시 신규 connection 1000개면 16~32MB 일시 사용. TLS session reuse 활성으로 재협상 부담 감소(SSLSessionCache, SSLSessionCacheTimeout). 알고리즘: TLS 1.2 이상 강제(SSLProtocols=TLSv1.2,TLSv1.3), weak cipher 금지(SSLCipherSuite로 명시). 인증서 갱신: Let's Encrypt 자동 갱신은 Webtob restart 또는 SIGUSR1 시그널로 reload(버전에 따라 지원 차이). HSTS/HTTP→HTTPS redirect는 application 레벨 또는 별도 rule로.",Webtob,SSL,TLS,HTTPS,Certificate,https://technet.tmaxsoft.com,medium,2026-04-30
webtob-008,was_webtob,http.m 주요 파라미터,"http.m은 Webtob의 핵심 설정 파일. 섹션 구조: *DOMAIN, *NODE, *VHOST, *SVRGROUP, *SERVER, *SERVICE, *URI, *EXT, *LOGGING. 운영에서 자주 조정. *NODE: WEBTOBDIR(설치 경로), HTH 정의(NumProcs), Logging 설정, KEEPALIVE_TIMEOUT, Hostname. *VHOST: 가상 호스트, DocRoot, ErrorDocument. *SVRGROUP: 서비스 그룹 — JSV 라우팅 정의, SvrType=WEBSTD. *SERVER: 실제 백엔드 — MinProc/MaxProc, ASQCount(요청 큐 크기). *URI: URL 패턴 → SVRGROUP 매핑. 변경 후 적용: wscfl -i http.m으로 컴파일 → Webtob restart(wsdown then wsboot) 또는 일부는 reload(wsadmin reb). 자주 하는 실수: 변경 후 wscfl 재컴파일 누락 — 변경이 안 반영되어 디버깅 시간 낭비. wscfl 출력에 syntax 에러 없는지 확인 필수. 백업: 변경 전 cp http.m http.m.YYYYMMDD.",Webtob,http.m,설정,wscfl,튜닝,https://technet.tmaxsoft.com,info,2026-04-30
webtob-009,was_webtob,Webtob 관리 명령 wsadmin / wsboot / wsdown,"Webtob 관리 명령어 모음. (1) wsboot — Webtob 시작. WSM이 다른 프로세스(HTH/HTM/HTL/JSV) 자동 기동. -i 옵션으로 immediate, 기본은 graceful. (2) wsdown — Webtob 종료. -i immediate(즉시), -g graceful(진행 중 요청 완료 대기). (3) wsadmin — 인터랙티브 또는 single command. 주요 명령: si(server info, 전체 상태), st(status, 프로세스별), reb -s SERVER(특정 서버 재기동), ds -s(특정 서비스 down), us -s(up service), down(전체 종료, wsdown과 동일). (4) wscfl -i http.m — 설정 컴파일. 변경 후 필수. 출력 .m 파일로 검증. (5) wsuls — 통계/로그 요약. 운영 자동화: cron으로 wsadmin 주기 수행 + 결과 파싱하여 모니터링 시스템 전송. 비밀번호 보호: wsadmin 접속에 admin 비밀번호 필요(wsadmin -uadmin -wPASS). 평문 노출 방지 위해 wallet 또는 환경변수 활용.",Webtob,wsadmin,wsboot,wsdown,wscfl,운영,https://technet.tmaxsoft.com,info,2026-04-30
webtob-010,was_webtob,Webtob 고가용성 구성,"Webtob 자체로는 HA 보장 메커니즘이 제한적. 다음 패턴으로 고가용성 구성. (1) L4/L7 로드밸런서 + Webtob N대: 표준 구성. L4가 health check(/health 또는 /index.html GET 200)로 비정상 노드 자동 분리. (2) Webtob ↔ JEUS 연동 시 JSV의 SVRGROUP에 다수 JEUS 등록 + LoadBalanceType=Round 또는 Random — JEUS 1개 다운 시 다른 노드로 자동 라우팅. (3) WSM 재기동 자동화 — WSM 자체 다운 시 OS init/systemd가 재기동하도록 service 등록. systemd unit file로 Restart=always. (4) shared storage(NFS) 위에 DocRoot 두면 N대 Webtob이 같은 정적 콘텐츠 서비스. 메모리/세션 영향: Webtob은 stateless이므로 N대 사이 동기화 부담 없음. 단, 세션은 backend WAS(JEUS) 측에서 distributed session 또는 sticky session으로 보장. 모니터링: 각 노드 wsadmin si 결과를 중앙 집계(Prometheus exporter 자체 개발 또는 SNMP).",Webtob,HA,고가용성,LoadBalancer,클러스터,https://technet.tmaxsoft.com,info,2026-04-30
weblogic-001,was_weblogic,Weblogic Heap Dump 캡처 방법,"Oracle Weblogic은 JVM 기반 WAS이므로 표준 JVM 도구 + Weblogic 자체 도구 모두 사용 가능. (1) jcmd PID GC.heap_dump /path/file.hprof — 가장 권장. Weblogic 프로세스 PID는 ps -ef | grep weblogic 또는 nodemanager.log에서 확인. (2) WLST(Weblogic Scripting Tool): connect('user','pass','t3://host:port') 후 cmo.dumpHeapToFile('/path/file.hprof') — Oracle 표준 자동화. (3) Admin Console GUI: Servers → 해당 서버 → Diagnostics → Generate Heap Dump. 사용자 친화적이지만 운영 자동화에는 부적합. (4) -XX:+HeapDumpOnOutOfMemoryError -XX:HeapDumpPath=/path를 startWebLogic.sh의 JAVA_OPTIONS에 추가 또는 setDomainEnv.sh의 USER_MEM_ARGS. OOM 자동 캡처. (5) JRockit 사용 시 jrcmd PID hprofdump filename=/path. JDK 8u101 이후로 JRockit은 deprecated. heap dump 캡처는 stop-the-world 수십 초 — 트래픽 분산 후 호출 필수.",Weblogic,heapdump,WLST,jcmd,Oracle,https://docs.oracle.com/en/middleware/standalone/weblogic-server/14.1.1/index.html,info,2026-04-30
weblogic-002,was_weblogic,Weblogic Stuck Thread 진단,"Weblogic은 일정 시간 처리 안 끝나는 스레드를 'Stuck Thread'로 자동 감지. 기본 임계: 600초(StuckThreadMaxTime). 임계 초과 시 server.log에 'BEA-000337' 메시지 + 스택 trace 자동 로깅. 진단: server.log grep 'Stuck thread' — 동일 스레드 ID + 메소드 패턴이 반복되면 영구 정지. 일반 원인: (1) 외부 API/DB 호출 timeout 무한. (2) Synchronized 무한 대기. (3) infinite loop. 해결: (1) Admin Console → Servers → Configuration → Tuning → StuckThreadMaxTime 적정화(보통 600초 유지). (2) Stuck Thread 자동 처리 옵션: TerminateOnStuckThread=true (Weblogic 12c+) — 임계 초과 스레드 강제 interrupt. (3) Work Manager constraint로 stuck 누적 방지. 모니터링: WLST 'thread-dump'로 주기 캡처 + 'java.lang.Thread.State'가 RUNNABLE인데 동일 스택이면 stuck 후보. JConsole의 Thread 탭에서 CPU 시간 vs 시작 시간으로 진짜 작업 중 vs 무한 대기 구분.",Weblogic,StuckThread,진단,WorkManager,https://docs.oracle.com/en/middleware/standalone/weblogic-server/14.1.1/perfm/,high,2026-04-30
weblogic-003,was_weblogic,Weblogic JDBC Connection Pool,"Weblogic JDBC DataSource는 Admin Console → Services → Data Sources에서 관리. 핵심 파라미터. (1) Initial Capacity(시작 시 생성 수, 기본 1), Maximum Capacity(최대, 운영 30~50), Capacity Increment(증가 단위). (2) Connection Reserve Timeout(획득 대기, 기본 10초). (3) Test Connections On Reserve(true 권장, 헬스체크), Test Frequency(idle 주기 체크, 120초). (4) Inactive Connection Timeout(idle 회수, 0=무제한, 운영 600초 권장). (5) Statement Cache Size(PreparedStatement 캐시, 기본 10, 메모리 영향 — 너무 크면 DB 측 cursor leak 위험). 모니터링: Admin Console → Monitoring → Data Sources → Statistics. ActiveConnectionsCurrentCount vs ReservedConnectionsCurrentCount + WaitingForConnectionCurrentCount. ActiveConnections=Max + Waiting>0이면 풀 부족. 해결: 풀 크기 증설은 DB 측 max_connections와 함께 검토. 누수는 Test Connections On Reserve로 죽은 connection 자동 회수.",Weblogic,JDBC,ConnectionPool,DataSource,Monitoring,https://docs.oracle.com/en/middleware/standalone/weblogic-server/14.1.1/jdbca/,high,2026-04-30
weblogic-004,was_weblogic,Weblogic Work Manager 설정,"Weblogic 9+ Work Manager는 application별 또는 전역 thread 자원 관리. 기본 default Work Manager 사용 시 모든 application이 같은 풀 공유. 분리 권장. 핵심 구성. (1) Min/Max Threads Constraint: 보장 최소 / 한도 최대. (2) Capacity Constraint: 동시 요청 + 큐 대기 최대. 초과 시 즉시 거부(503). (3) Fair Share Request Class: 가중치 기반 분배(weight 50 vs 100이면 1:2 비율). (4) Response Time Request Class: 목표 응답 시간 명시 — 우선순위 자동 조정. 설정 위치: weblogic-application.xml(EAR 내) 또는 Admin Console → Environment → Work Managers. 메모리 영향: Capacity Constraint 무한이면 큐 무한 누적 가능 — 메모리 부담. 명시적 한도(예: 1000) 권장. 모니터링: Admin Console → Servers → Monitoring → Threads의 Self-Tuning Pool Throughput. 특정 application이 풀 점유 시 분리 검토. 12c 이후 Self-Tuning Thread Pool이 기본 — 별도 Execute Queue 설정 deprecated.",Weblogic,WorkManager,Thread,RequestClass,Tuning,https://docs.oracle.com/en/middleware/standalone/weblogic-server/14.1.1/wlprg/,info,2026-04-30
weblogic-005,was_weblogic,Weblogic Node Manager,"Node Manager는 Weblogic 서버(Admin/Managed)의 lifecycle 관리 데몬. 머신당 1개 실행. 역할: (1) Managed Server start/stop/restart. (2) 비정상 종료 시 자동 재기동(Crash Recovery). (3) Admin Console에서 원격 제어 가능하게 함. (4) 서버 health check. 메모리: Node Manager 자체는 가벼운 Java 프로세스(약 200MB). 별도 JVM이지만 application 처리 안 함. 설정 파일: WL_HOME/common/nodemanager/nodemanager.properties. 주요: ListenAddress/ListenPort, NativeVersionEnabled(false 권장), CrashRecoveryEnabled=true. 보안: SSL 모드 권장(Plain은 운영 비추천). 트러블슈팅: nodemanager.log + STARTUP_MODE에 따라 startManagedWebLogic.sh 실행 — server 기동 실패 시 nodemanager.log에 stdout 캡처됨. Node Manager 자체 다운 시 영향: 진행 중 서버는 계속 동작. 단, 비정상 종료 시 자동 재기동 작동 안 함. systemd 등으로 Node Manager 자체 HA.",Weblogic,NodeManager,Crash,Recovery,https://docs.oracle.com/en/middleware/standalone/weblogic-server/14.1.1/nodem/,info,2026-04-30
weblogic-006,was_weblogic,Weblogic Cluster 통신,"Weblogic Cluster는 Managed Server 다수의 논리적 그룹. 통신 방식 2가지. (1) Multicast(레거시): UDP 멀티캐스트로 멤버 간 heartbeat + 세션 복제. 네트워크 정책상 멀티캐스트 차단되면 사용 불가. (2) Unicast(권장, 9.2+): TCP 기반. ClusterMaster를 통해 메시지 전파. 클라우드/컨테이너 환경에서 멀티캐스트 안 되니 unicast 필수. 설정: Admin Console → Environment → Clusters → Configuration → Messaging Mode. 메모리 영향: 클러스터 멤버가 N개면 (1) 세션 복제 모드에서 세션 데이터가 복제되어 N배 메모리. (2) JNDI tree 동기화 — 작지만 동기화 대상. (3) ClusterListener 등록 객체 강참조. 멤버 N=8 초과면 통신 오버헤드 비례 증가 — 클러스터 분할 검토. 모니터링: Admin Console → Servers → Monitoring → Cluster의 Hearbeat 상태. 멤버 비정상 분리(split-brain) 감지 + 알람.",Weblogic,Cluster,Multicast,Unicast,통신,https://docs.oracle.com/en/middleware/standalone/weblogic-server/14.1.1/clust/,info,2026-04-30
weblogic-007,was_weblogic,Weblogic Session Replication,"Weblogic Cluster의 세션 복제 모드. (1) None(기본): 세션 복제 안 함, 클러스터 무의미. (2) MemoryReplication: 클러스터 멤버 메모리 간 복제. 빠르지만 멤버 N배 메모리. (3) JDBC: DB 테이블 저장. 안정적이지만 DB 부하. (4) File: 공유 파일 시스템. 사용 드뭄. (5) Coherence(Oracle Coherence 통합): 분산 캐시 사용, Weblogic 12c+. 메모리 영향 분석: MemoryReplication에서 사용자 세션 1MB × 동시접속 10000 × 클러스터 5멤버 = 50GB 메모리(전체 클러스터). 한 멤버에 OOM. 해결: 세션 객체 크기 최소화(필수 ID만 저장, 디테일은 DB 조회), 클러스터 멤버 수 신중 결정, replication-type=Async로 부하 분산. Coherence 사용 시 별도 캐시 노드로 메모리 분리. 설정 위치: weblogic.xml의 <session-descriptor> + cluster 설정. 모니터링: ReplicatedSessionsTotalCount 메트릭.",Weblogic,Session,Replication,Cluster,Memory,https://docs.oracle.com/en/middleware/standalone/weblogic-server/14.1.1/wbapp/,medium,2026-04-30
weblogic-008,was_weblogic,Weblogic Self-Tuning Thread Pool,"Weblogic 9+ Self-Tuning Thread Pool은 단일 thread pool이 모든 요청 처리. 9 이전의 별도 Execute Queue 모델 대비 동적 조정. 기본 동작: 부하에 따라 자동으로 스레드 수 조정(min ~ unbounded by default). Work Manager의 Max Threads Constraint로 상한 명시 권장. 모니터링: Admin Console → Servers → Monitoring → Threads. (1) StandbyThreadCount(idle), HoggingThreadCount(처리 중), ExecuteThreadIdleCount, PendingUserRequestCount(큐 대기). PendingUserRequestCount가 지속적으로 0보다 크면 처리 능력 부족. 운영 임계값. 일반: 0 유지가 정상. 1초 이상 N>0이면 알람. 메모리: 1스레드 = 약 1MB 스택 + 처리 중 객체. 자동 증가가 너무 많아지면 OOM 위험 — 반드시 Max Threads Constraint 명시(예: 200). HoggingThreadCount 증가는 stuck thread 후보 — StuckThreadMaxTime 함께 모니터링.",Weblogic,ThreadPool,SelfTuning,Monitoring,https://docs.oracle.com/en/middleware/standalone/weblogic-server/14.1.1/perfm/,info,2026-04-30
weblogic-009,was_weblogic,Weblogic 12c vs 14c 차이,"주요 버전 비교. Weblogic 12.2.1.x(12c, 2015~): JDK 8 지원, Java EE 7, Multitenancy(Domain Partitions), Coherence 통합 강화, REST Management API. 12.2.1.4가 마지막 12c 패치(현재까지 Premier Support 종료, Extended Support 진행). Weblogic 14.1.1.x(14c, 2020~): JDK 8/11 지원, Java EE 8, Jakarta EE 9.1(14.1.2부터), JDK 17 지원(14.1.2). Multitenancy 제거(deprecated 후 단순화). 보안 강화(JDK 11 TLS 1.3 등). 운영 영향: 12c → 14c 마이그레이션은 (1) JDK 11+로 모듈 시스템 적용 — application 종속성 검토. (2) Java EE 8 spec 일부 변경(서블릿 4, EL 3.0). (3) Jakarta EE 전환은 javax → jakarta 패키지 변경 큰 이슈. 권장 운영 조합: Weblogic 14.1.1.0 이상 + JDK 11. 14.1.2 + JDK 17 + ZGC가 최신 권장. Oracle 공식 라이선스/지원 일정 확인 — 12c는 단계적 EOSL.",Weblogic,12c,14c,버전,Jakarta,https://docs.oracle.com/en/middleware/standalone/weblogic-server/index.html,info,2026-04-30
weblogic-010,was_weblogic,Weblogic Admin Server vs Managed Server,"Weblogic 도메인 구조의 핵심. (1) Admin Server: 도메인당 1개. 관리 콘솔 호스팅 + 설정 변경 처리 + Managed Server 모니터링. application 배포 명령 수신 후 Managed Server로 전파. 평소 부하는 가벼움(약 1~2GB heap). (2) Managed Server: application 처리 담당. N개 가능. 클러스터로 묶을 수 있음. heap은 application 부하에 따라 4~32GB. 운영 원칙: Admin Server는 application 배포하지 말 것 — 관리 영역과 분리해 안정성 확보. Admin Server 다운 시 영향: Managed Server는 계속 동작(독립 JVM). 단, 설정 변경/배포/모니터링 불가. 자동 재기동: Node Manager가 Crash Recovery로 자동. Admin Server HA 옵션: Admin Server 자체는 Active/Standby 페일오버 미지원 — 별도 머신에 백업 도메인 + 수동 전환. 또는 Coherence Cluster Activation 패턴. 모니터링: Admin Console에서 모든 Managed Server 상태 통합 표시.",Weblogic,AdminServer,ManagedServer,Domain,NodeManager,https://docs.oracle.com/en/middleware/standalone/weblogic-server/14.1.1/wlsdg/,info,2026-04-30
